President,Start Date,End Date,Approving,Disapproving,Unsure/NoData,Inaug,Days
Biden,2023-10-02,2023-10-23,37,59,4,2021-01-20,985
Biden,2023-09-01,2023-09-23,41,58,1,2021-01-20,954
Biden,2023-08-01,2023-08-23,42,53,5,2021-01-20,923
Biden,2023-07-03,2023-07-27,40,55,4,2021-01-20,894
Biden,2023-06-01,2023-06-22,43,54,3,2021-01-20,862
Biden,2023-05-01,2023-05-24,39,57,5,2021-01-20,831
Biden,2023-04-03,2023-04-25,37,59,4,2021-01-20,803
Biden,2023-03-01,2023-03-23,40,56,4,2021-01-20,770
Biden,2023-02-01,2023-02-23,42,54,5,2021-01-20,742
Biden,2023-01-02,2023-01-22,41,54,4,2021-01-20,712
Biden,2022-11-09,2022-12-02,40,55,5,2021-01-20,658
Biden,2022-10-03,2022-10-20,40,56,4,2021-01-20,621
Biden,2022-09-01,2022-09-16,42,56,2,2021-01-20,589
Biden,2022-08-01,2022-08-23,44,53,3,2021-01-20,558
Biden,2022-07-05,2022-07-26,38,59,3,2021-01-20,531
Biden,2022-06-01,2022-06-20,41,57,3,2021-01-20,497
Biden,2022-05-02,2022-05-22,41,54,5,2021-01-20,467
Biden,2022-04-01,2022-04-19,41,56,3,2021-01-20,436
Biden,2022-03-01,2022-03-18,42,54,4,2021-01-20,405
Biden,2022-02-01,2022-02-17,41,55,4,2021-01-20,377
Biden,2022-01-03,2022-01-16,40,56,4,2021-01-20,348
Biden,2021-12-01,2021-12-16,43,51,6,2021-01-20,315
Biden,2021-11-01,2021-11-16,42,55,3,2021-01-20,285
Biden,2021-10-01,2021-10-19,42,52,6,2021-01-20,254
Biden,2021-09-01,2021-09-17,43,55,2,2021-01-20,224
Biden,2021-08-02,2021-08-17,49,48,3,2021-01-20,194
Biden,2021-07-06,2021-07-21,50,45,5,2021-01-20,167
Biden,2021-06-01,2021-06-18,56,42,2,2021-01-20,132
Biden,2021-05-03,2021-05-18,54,40,6,2021-01-20,103
Biden,2021-04-01,2021-04-21,57,40,3,2021-01-20,71
Biden,2021-03-01,2021-03-15,54,42,4,2021-01-20,40
Biden,2021-02-03,2021-02-18,56,40,4,2021-01-20,14
Biden,2021-01-21,2021-02-02,57,37,6,2021-01-20,1
Trump,2021-01-04,2021-01-15,34,62,4,2017-01-20,1445
Trump,2020-12-01,2020-12-17,39,57,4,2017-01-20,1411
Trump,2020-11-05,2020-11-19,43,55,2,2017-01-20,1385
Trump,2020-10-16,2020-10-27,46,52,2,2017-01-20,1365
Trump,2020-09-30,2020-10-15,43,55,2,2017-01-20,1349
Trump,2020-09-14,2020-09-28,46,52,2,2017-01-20,1333
Trump,2020-08-31,2020-09-13,42,56,2,2017-01-20,1319
Trump,2020-07-30,2020-08-12,42,55,3,2017-01-20,1287
Trump,2020-07-01,2020-07-23,41,56,3,2017-01-20,1258
Trump,2020-06-08,2020-06-30,38,57,5,2017-01-20,1235
Trump,2020-05-28,2020-06-04,39,57,4,2017-01-20,1224
Trump,2020-05-01,2020-05-13,49,48,3,2017-01-20,1197
Trump,2020-04-14,2020-04-28,49,47,4,2017-01-20,1180
Trump,2020-04-01,2020-04-14,43,54,3,2017-01-20,1167
Trump,2020-03-13,2020-03-22,49,45,6,2017-01-20,1148
Trump,2020-03-02,2020-03-13,44,52,4,2017-01-20,1137
Trump,2020-02-17,2020-02-28,47,51,2,2017-01-20,1123
Trump,2020-02-03,2020-02-16,49,48,3,2017-01-20,1109
Trump,2020-01-16,2020-01-29,49,50,1,2017-01-20,1091
Trump,2020-01-02,2020-01-15,44,53,3,2017-01-20,1077
Trump,2019-12-02,2019-12-15,45,51,4,2017-01-20,1046
Trump,2019-11-01,2019-11-14,43,54,3,2017-01-20,1015
Trump,2019-10-14,2019-10-31,41,57,2,2017-01-20,997
Trump,2019-10-01,2019-10-13,39,57,4,2017-01-20,984
Trump,2019-09-16,2019-09-30,40,56,4,2017-01-20,969
Trump,2019-09-03,2019-09-15,43,54,3,2017-01-20,956
Trump,2019-08-15,2019-08-30,39,57,4,2017-01-20,937
Trump,2019-08-01,2019-08-14,41,54,5,2017-01-20,923
Trump,2019-07-15,2019-07-31,42,54,4,2017-01-20,906
Trump,2019-07-01,2019-07-12,44,51,5,2017-01-20,892
Trump,2019-06-19,2019-06-30,41,54,5,2017-01-20,880
Trump,2019-06-03,2019-06-16,43,55,2,2017-01-20,864
Trump,2019-05-15,2019-05-30,40,55,5,2017-01-20,845
Trump,2019-05-01,2019-05-12,42,52,6,2017-01-20,831
Trump,2019-04-17,2019-04-30,46,50,4,2017-01-20,817
Trump,2019-04-01,2019-04-09,45,51,4,2017-01-20,801
Trump,2019-03-01,2019-03-10,39,57,4,2017-01-20,770
Trump,2019-02-12,2019-02-28,43,54,3,2017-01-20,753
Trump,2019-02-01,2019-02-10,44,52,4,2017-01-20,742
Trump,2019-01-21,2019-01-27,37,59,4,2017-01-20,731
Trump,2019-01-02,2019-01-10,37,59,4,2017-01-20,712
Trump,2018-12-17,2018-12-22,39,55,6,2017-01-20,696
Trump,2018-12-10,2018-12-16,38,57,5,2017-01-20,689
Trump,2018-12-03,2018-12-09,40,56,4,2017-01-20,682
Trump,2018-11-26,2018-12-02,40,56,4,2017-01-20,675
Trump,2018-11-19,2018-11-25,38,60,2,2017-01-20,668
Trump,2018-11-12,2018-11-18,43,53,4,2017-01-20,661
Trump,2018-11-05,2018-11-11,38,56,6,2017-01-20,654
Trump,2018-10-29,2018-11-04,40,54,6,2017-01-20,647
Trump,2018-10-22,2018-10-28,40,54,6,2017-01-20,640
Trump,2018-10-15,2018-10-21,44,50,6,2017-01-20,633
Trump,2018-10-08,2018-10-14,44,51,5,2017-01-20,626
Trump,2018-10-01,2018-10-07,43,53,4,2017-01-20,619
Trump,2018-09-24,2018-09-30,42,53,5,2017-01-20,612
Trump,2018-09-17,2018-09-23,40,56,4,2017-01-20,605
Trump,2018-09-10,2018-09-16,38,56,6,2017-01-20,598
Trump,2018-09-03,2018-09-09,40,54,6,2017-01-20,591
Trump,2018-08-27,2018-09-02,41,53,6,2017-01-20,584
Trump,2018-08-20,2018-08-26,41,54,5,2017-01-20,577
Trump,2018-08-13,2018-08-19,42,52,6,2017-01-20,570
Trump,2018-08-06,2018-08-12,39,56,5,2017-01-20,563
Trump,2018-07-30,2018-08-05,41,54,5,2017-01-20,556
Trump,2018-07-23,2018-07-29,40,55,5,2017-01-20,549
Trump,2018-07-16,2018-07-22,42,54,4,2017-01-20,542
Trump,2018-07-09,2018-07-15,43,52,5,2017-01-20,535
Trump,2018-07-02,2018-07-08,41,56,3,2017-01-20,528
Trump,2018-06-25,2018-07-01,42,53,5,2017-01-20,521
Trump,2018-06-18,2018-06-24,41,55,4,2017-01-20,514
Trump,2018-06-11,2018-06-17,45,50,5,2017-01-20,507
Trump,2018-06-04,2018-06-10,42,54,4,2017-01-20,500
Trump,2018-05-28,2018-06-03,41,55,4,2017-01-20,493
Trump,2018-05-21,2018-05-27,40,55,5,2017-01-20,486
Trump,2018-05-14,2018-05-20,42,54,4,2017-01-20,479
Trump,2018-05-07,2018-05-13,43,52,5,2017-01-20,472
Trump,2018-04-30,2018-05-06,42,52,6,2017-01-20,465
Trump,2018-04-23,2018-04-29,42,53,5,2017-01-20,458
Trump,2018-04-16,2018-04-22,39,55,6,2017-01-20,451
Trump,2018-04-09,2018-04-15,39,55,6,2017-01-20,444
Trump,2018-04-02,2018-04-08,41,54,5,2017-01-20,437
Trump,2018-03-26,2018-04-01,39,56,5,2017-01-20,430
Trump,2018-03-19,2018-03-25,39,55,6,2017-01-20,423
Trump,2018-03-12,2018-03-18,40,56,4,2017-01-20,416
Trump,2018-03-05,2018-03-11,39,56,5,2017-01-20,409
Trump,2018-02-26,2018-03-04,39,55,6,2017-01-20,402
Trump,2018-02-19,2018-02-25,39,56,5,2017-01-20,395
Trump,2018-02-12,2018-02-18,37,59,4,2017-01-20,388
Trump,2018-02-05,2018-02-11,40,57,3,2017-01-20,381
Trump,2018-01-29,2018-02-04,40,57,3,2017-01-20,374
Trump,2018-01-21,2018-01-28,38,58,4,2017-01-20,366
Trump,2018-01-15,2018-01-21,36,59,5,2017-01-20,360
Trump,2018-01-08,2018-01-14,38,57,5,2017-01-20,353
Trump,2018-01-01,2018-01-07,37,58,5,2017-01-20,346
Trump,2017-12-25,2017-12-31,39,55,6,2017-01-20,339
Trump,2017-12-18,2017-12-24,37,57,6,2017-01-20,332
Trump,2017-12-11,2017-12-17,35,60,5,2017-01-20,325
Trump,2017-12-04,2017-12-10,36,59,5,2017-01-20,318
Trump,2017-11-27,2017-12-03,35,59,6,2017-01-20,311
Trump,2017-11-20,2017-11-26,37,56,7,2017-01-20,304
Trump,2017-11-13,2017-11-19,38,57,5,2017-01-20,297
Trump,2017-11-06,2017-11-12,38,56,6,2017-01-20,290
Trump,2017-10-30,2017-11-05,38,58,4,2017-01-20,283
Trump,2017-10-23,2017-10-29,35,60,5,2017-01-20,276
Trump,2017-10-16,2017-10-22,36,58,6,2017-01-20,269
Trump,2017-10-09,2017-10-15,37,57,6,2017-01-20,262
Trump,2017-10-02,2017-10-08,38,56,6,2017-01-20,255
Trump,2017-09-25,2017-10-01,37,58,5,2017-01-20,248
Trump,2017-09-18,2017-09-24,38,55,7,2017-01-20,241
Trump,2017-09-11,2017-09-17,38,57,5,2017-01-20,234
Trump,2017-09-04,2017-09-10,37,57,6,2017-01-20,227
Trump,2017-08-28,2017-09-03,36,59,5,2017-01-20,220
Trump,2017-08-21,2017-08-27,35,60,5,2017-01-20,213
Trump,2017-08-14,2017-08-20,37,58,5,2017-01-20,206
Trump,2017-08-07,2017-08-13,36,58,6,2017-01-20,199
Trump,2017-07-31,2017-08-06,37,58,5,2017-01-20,192
Trump,2017-07-24,2017-07-30,38,57,5,2017-01-20,185
Trump,2017-07-17,2017-07-23,37,58,5,2017-01-20,178
Trump,2017-07-10,2017-07-16,39,56,5,2017-01-20,171
Trump,2017-07-03,2017-07-09,38,57,5,2017-01-20,164
Trump,2017-06-26,2017-07-02,39,56,5,2017-01-20,157
Trump,2017-06-19,2017-06-25,39,56,5,2017-01-20,150
Trump,2017-06-12,2017-06-18,38,57,5,2017-01-20,143
Trump,2017-06-05,2017-06-11,37,58,5,2017-01-20,136
Trump,2017-05-29,2017-06-04,38,56,6,2017-01-20,129
Trump,2017-05-22,2017-05-28,41,54,5,2017-01-20,122
Trump,2017-05-15,2017-05-21,38,56,6,2017-01-20,115
Trump,2017-05-08,2017-05-14,38,56,6,2017-01-20,108
Trump,2017-05-01,2017-05-07,42,53,5,2017-01-20,101
Trump,2017-04-24,2017-04-30,41,54,5,2017-01-20,94
Trump,2017-04-17,2017-04-23,41,52,7,2017-01-20,87
Trump,2017-04-10,2017-04-16,40,54,6,2017-01-20,80
Trump,2017-04-03,2017-04-09,40,53,7,2017-01-20,73
Trump,2017-03-27,2017-04-02,38,57,5,2017-01-20,66
Trump,2017-03-20,2017-03-26,39,56,5,2017-01-20,59
Trump,2017-03-13,2017-03-19,40,55,5,2017-01-20,52
Trump,2017-03-06,2017-03-12,42,52,6,2017-01-20,45
Trump,2017-02-27,2017-03-05,43,51,6,2017-01-20,38
Trump,2017-02-20,2017-02-26,42,53,5,2017-01-20,31
Trump,2017-02-13,2017-02-19,40,54,6,2017-01-20,24
Trump,2017-02-06,2017-02-12,41,53,6,2017-01-20,17
Trump,2017-01-30,2017-02-05,43,52,5,2017-01-20,10
Trump,2017-01-20,2017-01-29,45,47,8,2017-01-20,0
Obama,2017-01-16,2017-01-19,59,37,4,2009-01-20,2918
Obama,2017-01-09,2017-01-15,57,39,4,2009-01-20,2911
Obama,2017-01-02,2017-01-08,55,42,3,2009-01-20,2904
Obama,2016-12-26,2017-01-01,55,40,5,2009-01-20,2897
Obama,2016-12-19,2016-12-25,56,40,4,2009-01-20,2890
Obama,2016-12-12,2016-12-18,56,40,4,2009-01-20,2883
Obama,2016-12-05,2016-12-11,57,40,3,2009-01-20,2876
Obama,2016-11-28,2016-12-04,54,43,3,2009-01-20,2869
Obama,2016-11-21,2016-11-27,56,40,4,2009-01-20,2862
Obama,2016-11-14,2016-11-20,56,41,3,2009-01-20,2855
Obama,2016-11-07,2016-11-13,57,41,2,2009-01-20,2848
Obama,2016-10-31,2016-11-06,53,45,2,2009-01-20,2841
Obama,2016-10-24,2016-10-30,54,44,2,2009-01-20,2834
Obama,2016-10-17,2016-10-23,55,42,3,2009-01-20,2827
Obama,2016-10-10,2016-10-16,54,43,3,2009-01-20,2820
Obama,2016-10-03,2016-10-09,52,45,3,2009-01-20,2813
Obama,2016-09-26,2016-10-02,53,44,3,2009-01-20,2806
Obama,2016-09-19,2016-09-25,53,43,4,2009-01-20,2799
Obama,2016-09-12,2016-09-18,52,44,4,2009-01-20,2792
Obama,2016-09-05,2016-09-11,51,45,4,2009-01-20,2785
Obama,2016-08-29,2016-09-04,52,44,4,2009-01-20,2778
Obama,2016-08-22,2016-08-28,51,45,4,2009-01-20,2771
Obama,2016-08-15,2016-08-21,51,44,5,2009-01-20,2764
Obama,2016-08-08,2016-08-14,52,44,4,2009-01-20,2757
Obama,2016-08-01,2016-08-07,52,45,3,2009-01-20,2750
Obama,2016-07-25,2016-07-31,53,44,3,2009-01-20,2743
Obama,2016-07-18,2016-07-24,49,47,4,2009-01-20,2736
Obama,2016-07-11,2016-07-17,49,46,5,2009-01-20,2729
Obama,2016-07-04,2016-07-10,51,45,4,2009-01-20,2722
Obama,2016-06-27,2016-07-03,51,45,4,2009-01-20,2715
Obama,2016-06-20,2016-06-26,50,46,4,2009-01-20,2708
Obama,2016-06-13,2016-06-19,53,44,3,2009-01-20,2701
Obama,2016-06-06,2016-06-12,53,43,4,2009-01-20,2694
Obama,2016-05-30,2016-06-05,51,44,5,2009-01-20,2687
Obama,2016-05-23,2016-05-29,52,44,4,2009-01-20,2680
Obama,2016-05-16,2016-05-22,51,45,4,2009-01-20,2673
Obama,2016-05-09,2016-05-15,51,45,4,2009-01-20,2666
Obama,2016-05-02,2016-05-08,52,44,4,2009-01-20,2659
Obama,2016-04-25,2016-05-01,51,46,3,2009-01-20,2652
Obama,2016-04-18,2016-04-24,51,45,4,2009-01-20,2645
Obama,2016-04-11,2016-04-17,48,47,5,2009-01-20,2638
Obama,2016-04-04,2016-04-10,51,45,4,2009-01-20,2631
Obama,2016-03-28,2016-04-03,51,45,4,2009-01-20,2624
Obama,2016-03-21,2016-03-27,53,44,3,2009-01-20,2617
Obama,2016-03-14,2016-03-20,50,46,4,2009-01-20,2610
Obama,2016-03-07,2016-03-13,51,45,4,2009-01-20,2603
Obama,2016-02-29,2016-03-06,50,46,4,2009-01-20,2596
Obama,2016-02-22,2016-02-28,48,47,5,2009-01-20,2589
Obama,2016-02-15,2016-02-21,48,48,4,2009-01-20,2582
Obama,2016-02-08,2016-02-14,48,48,4,2009-01-20,2575
Obama,2016-02-01,2016-02-07,47,50,3,2009-01-20,2568
Obama,2016-01-25,2016-01-31,48,48,4,2009-01-20,2561
Obama,2016-01-18,2016-01-24,48,47,5,2009-01-20,2554
Obama,2016-01-11,2016-01-17,48,47,5,2009-01-20,2547
Obama,2016-01-04,2016-01-10,47,49,4,2009-01-20,2540
Obama,2015-12-28,2016-01-03,45,52,3,2009-01-20,2533
Obama,2015-12-21,2015-12-27,48,49,3,2009-01-20,2526
Obama,2015-12-14,2015-12-20,45,51,4,2009-01-20,2519
Obama,2015-12-07,2015-12-13,45,50,5,2009-01-20,2512
Obama,2015-11-30,2015-12-06,47,49,4,2009-01-20,2505
Obama,2015-11-23,2015-11-29,46,49,5,2009-01-20,2498
Obama,2015-11-16,2015-11-22,44,52,4,2009-01-20,2491
Obama,2015-11-09,2015-11-15,49,47,4,2009-01-20,2484
Obama,2015-11-02,2015-11-08,49,48,3,2009-01-20,2477
Obama,2015-10-26,2015-11-01,47,49,4,2009-01-20,2470
Obama,2015-10-19,2015-10-25,46,50,4,2009-01-20,2463
Obama,2015-10-12,2015-10-18,46,50,4,2009-01-20,2456
Obama,2015-10-05,2015-10-11,46,50,4,2009-01-20,2449
Obama,2015-09-28,2015-10-04,47,49,4,2009-01-20,2442
Obama,2015-09-21,2015-09-27,48,49,3,2009-01-20,2435
Obama,2015-09-14,2015-09-20,46,51,3,2009-01-20,2428
Obama,2015-09-07,2015-09-13,46,49,5,2009-01-20,2421
Obama,2015-08-31,2015-09-06,46,50,4,2009-01-20,2414
Obama,2015-08-24,2015-08-30,46,50,4,2009-01-20,2407
Obama,2015-08-17,2015-08-23,44,51,5,2009-01-20,2400
Obama,2015-08-10,2015-08-16,46,49,5,2009-01-20,2393
Obama,2015-08-03,2015-08-09,46,50,4,2009-01-20,2386
Obama,2015-07-27,2015-08-02,46,49,5,2009-01-20,2379
Obama,2015-07-20,2015-07-26,46,50,4,2009-01-20,2372
Obama,2015-07-13,2015-07-19,46,48,6,2009-01-20,2365
Obama,2015-07-06,2015-07-12,46,49,5,2009-01-20,2358
Obama,2015-06-29,2015-07-05,46,49,5,2009-01-20,2351
Obama,2015-06-22,2015-06-28,47,49,4,2009-01-20,2344
Obama,2015-06-15,2015-06-21,45,50,5,2009-01-20,2337
Obama,2015-06-08,2015-06-14,45,49,6,2009-01-20,2330
Obama,2015-06-01,2015-06-07,46,49,5,2009-01-20,2323
Obama,2015-05-25,2015-05-31,47,49,4,2009-01-20,2316
Obama,2015-05-18,2015-05-24,46,49,5,2009-01-20,2309
Obama,2015-05-11,2015-05-17,47,49,4,2009-01-20,2302
Obama,2015-05-04,2015-05-10,47,48,5,2009-01-20,2295
Obama,2015-04-27,2015-05-03,48,48,4,2009-01-20,2288
Obama,2015-04-20,2015-04-26,45,49,6,2009-01-20,2281
Obama,2015-04-13,2015-04-19,46,50,4,2009-01-20,2274
Obama,2015-04-06,2015-04-12,48,48,4,2009-01-20,2267
Obama,2015-03-30,2015-04-05,47,48,5,2009-01-20,2260
Obama,2015-03-23,2015-03-29,46,49,5,2009-01-20,2253
Obama,2015-03-16,2015-03-22,45,50,5,2009-01-20,2246
Obama,2015-03-09,2015-03-15,47,48,5,2009-01-20,2239
Obama,2015-03-02,2015-03-08,46,49,5,2009-01-20,2232
Obama,2015-02-23,2015-03-01,45,50,5,2009-01-20,2225
Obama,2015-02-16,2015-02-22,46,49,5,2009-01-20,2218
Obama,2015-02-09,2015-02-15,47,48,5,2009-01-20,2211
Obama,2015-02-02,2015-02-08,46,49,5,2009-01-20,2204
Obama,2015-01-26,2015-02-01,47,48,5,2009-01-20,2197
Obama,2015-01-19,2015-01-25,49,47,4,2009-01-20,2190
Obama,2015-01-12,2015-01-18,46,49,5,2009-01-20,2183
Obama,2015-01-05,2015-01-11,46,48,6,2009-01-20,2176
Obama,2014-12-29,2015-01-04,46,48,6,2009-01-20,2169
Obama,2014-12-22,2014-12-28,44,50,6,2009-01-20,2162
Obama,2014-12-15,2014-12-21,45,51,4,2009-01-20,2155
Obama,2014-12-08,2014-12-14,43,52,5,2009-01-20,2148
Obama,2014-12-01,2014-12-07,43,52,5,2009-01-20,2141
Obama,2014-11-24,2014-11-30,43,52,5,2009-01-20,2134
Obama,2014-11-17,2014-11-23,42,53,5,2009-01-20,2127
Obama,2014-11-10,2014-11-16,42,52,6,2009-01-20,2120
Obama,2014-11-03,2014-11-09,40,54,6,2009-01-20,2113
Obama,2014-10-27,2014-11-02,42,53,5,2009-01-20,2106
Obama,2014-10-20,2014-10-26,42,53,5,2009-01-20,2099
Obama,2014-10-13,2014-10-19,41,54,5,2009-01-20,2092
Obama,2014-10-06,2014-10-12,41,55,4,2009-01-20,2085
Obama,2014-09-29,2014-10-05,43,53,4,2009-01-20,2078
Obama,2014-09-22,2014-09-28,42,52,6,2009-01-20,2071
Obama,2014-09-15,2014-09-21,43,52,5,2009-01-20,2064
Obama,2014-09-08,2014-09-14,41,54,5,2009-01-20,2057
Obama,2014-09-01,2014-09-07,40,53,7,2009-01-20,2050
Obama,2014-08-25,2014-08-31,41,53,6,2009-01-20,2043
Obama,2014-08-18,2014-08-24,43,51,6,2009-01-20,2036
Obama,2014-08-11,2014-08-17,41,53,6,2009-01-20,2029
Obama,2014-08-04,2014-08-10,42,53,5,2009-01-20,2022
Obama,2014-07-28,2014-08-03,42,54,4,2009-01-20,2015
Obama,2014-07-21,2014-07-27,41,53,6,2009-01-20,2008
Obama,2014-07-14,2014-07-20,43,51,6,2009-01-20,2001
Obama,2014-07-07,2014-07-13,42,53,5,2009-01-20,1994
Obama,2014-06-30,2014-07-06,43,52,5,2009-01-20,1987
Obama,2014-06-23,2014-06-29,42,52,6,2009-01-20,1980
Obama,2014-06-16,2014-06-22,41,55,4,2009-01-20,1973
Obama,2014-06-09,2014-06-15,42,52,6,2009-01-20,1966
Obama,2014-06-02,2014-06-08,44,50,6,2009-01-20,1959
Obama,2014-05-26,2014-06-01,44,51,5,2009-01-20,1952
Obama,2014-05-19,2014-05-25,43,52,5,2009-01-20,1945
Obama,2014-05-12,2014-05-18,44,51,5,2009-01-20,1938
Obama,2014-05-05,2014-05-11,45,50,5,2009-01-20,1931
Obama,2014-04-28,2014-05-04,44,50,6,2009-01-20,1924
Obama,2014-04-21,2014-04-27,44,50,6,2009-01-20,1917
Obama,2014-04-14,2014-04-20,44,50,6,2009-01-20,1910
Obama,2014-04-07,2014-04-13,43,51,6,2009-01-20,1903
Obama,2014-03-31,2014-04-06,44,51,5,2009-01-20,1896
Obama,2014-03-24,2014-03-30,43,52,5,2009-01-20,1889
Obama,2014-03-17,2014-03-23,44,51,5,2009-01-20,1882
Obama,2014-03-10,2014-03-16,40,54,6,2009-01-20,1875
Obama,2014-03-03,2014-03-09,43,53,4,2009-01-20,1868
Obama,2014-02-24,2014-03-02,42,54,4,2009-01-20,1861
Obama,2014-02-17,2014-02-23,45,51,4,2009-01-20,1854
Obama,2014-02-10,2014-02-16,40,53,7,2009-01-20,1847
Obama,2014-02-03,2014-02-09,41,51,8,2009-01-20,1840
Obama,2014-01-27,2014-02-02,42,50,8,2009-01-20,1833
Obama,2014-01-20,2014-01-26,42,50,8,2009-01-20,1826
Obama,2014-01-13,2014-01-19,40,52,8,2009-01-20,1819
Obama,2014-01-06,2014-01-12,41,51,8,2009-01-20,1812
Obama,2014-01-02,2014-01-05,41,53,6,2009-01-20,1808
Obama,2013-12-23,2013-12-29,43,51,6,2009-01-20,1798
Obama,2013-12-16,2013-12-22,40,52,8,2009-01-20,1791
Obama,2013-12-09,2013-12-15,42,50,8,2009-01-20,1784
Obama,2013-12-02,2013-12-08,41,51,8,2009-01-20,1777
Obama,2013-11-25,2013-12-01,42,52,6,2009-01-20,1770
Obama,2013-11-18,2013-11-24,40,53,7,2009-01-20,1763
Obama,2013-11-11,2013-11-17,41,52,7,2009-01-20,1756
Obama,2013-11-04,2013-11-10,41,52,7,2009-01-20,1749
Obama,2013-10-28,2013-11-03,41,52,7,2009-01-20,1742
Obama,2013-10-21,2013-10-27,43,50,7,2009-01-20,1735
Obama,2013-10-14,2013-10-20,43,51,6,2009-01-20,1728
Obama,2013-10-07,2013-10-13,42,52,6,2009-01-20,1721
Obama,2013-09-30,2013-10-06,44,50,6,2009-01-20,1714
Obama,2013-09-23,2013-09-29,45,48,7,2009-01-20,1707
Obama,2013-09-16,2013-09-22,44,47,9,2009-01-20,1700
Obama,2013-09-09,2013-09-15,45,46,9,2009-01-20,1693
Obama,2013-09-02,2013-09-08,44,48,8,2009-01-20,1686
Obama,2013-08-26,2013-09-01,44,48,8,2009-01-20,1679
Obama,2013-08-19,2013-08-25,46,46,8,2009-01-20,1672
Obama,2013-08-12,2013-08-18,46,45,9,2009-01-20,1665
Obama,2013-08-05,2013-08-11,44,48,8,2009-01-20,1658
Obama,2013-07-29,2013-08-04,45,48,7,2009-01-20,1651
Obama,2013-07-22,2013-07-28,46,47,7,2009-01-20,1644
Obama,2013-07-15,2013-07-21,47,46,7,2009-01-20,1637
Obama,2013-07-08,2013-07-14,46,47,7,2009-01-20,1630
Obama,2013-07-01,2013-07-07,46,46,8,2009-01-20,1623
Obama,2013-06-24,2013-06-30,47,45,8,2009-01-20,1616
Obama,2013-06-17,2013-06-23,46,46,8,2009-01-20,1609
Obama,2013-06-10,2013-06-16,47,46,7,2009-01-20,1602
Obama,2013-06-03,2013-06-09,48,45,7,2009-01-20,1595
Obama,2013-05-27,2013-06-02,48,44,8,2009-01-20,1588
Obama,2013-05-20,2013-05-26,49,44,7,2009-01-20,1581
Obama,2013-05-13,2013-05-19,49,44,7,2009-01-20,1574
Obama,2013-05-06,2013-05-12,49,44,7,2009-01-20,1567
Obama,2013-04-29,2013-05-05,50,44,6,2009-01-20,1560
Obama,2013-04-22,2013-04-28,51,42,7,2009-01-20,1553
Obama,2013-04-15,2013-04-21,50,43,7,2009-01-20,1546
Obama,2013-04-08,2013-04-14,49,45,6,2009-01-20,1539
Obama,2013-04-01,2013-04-07,48,45,7,2009-01-20,1532
Obama,2013-03-25,2013-03-30,48,45,7,2009-01-20,1525
Obama,2013-03-18,2013-03-24,47,45,8,2009-01-20,1518
Obama,2013-03-11,2013-03-17,48,46,6,2009-01-20,1511
Obama,2013-03-04,2013-03-10,49,44,7,2009-01-20,1504
Obama,2013-02-25,2013-03-03,49,44,7,2009-01-20,1497
Obama,2013-02-18,2013-02-24,51,42,7,2009-01-20,1490
Obama,2013-02-11,2013-02-17,51,43,6,2009-01-20,1483
Obama,2013-02-04,2013-02-10,52,42,6,2009-01-20,1476
Obama,2013-01-28,2013-02-03,53,42,5,2009-01-20,1469
Obama,2013-01-21,2013-01-27,52,43,5,2009-01-20,1462
Obama,2013-01-14,2013-01-20,50,43,7,2009-01-20,1455
Obama,2013-01-07,2013-01-13,54,41,5,2009-01-20,1448
Obama,2012-12-31,2013-01-06,53,40,7,2009-01-20,1441
Obama,2012-12-24,2012-12-30,53,41,6,2009-01-20,1434
Obama,2012-12-17,2012-12-23,57,37,6,2009-01-20,1427
Obama,2012-12-10,2012-12-16,52,40,8,2009-01-20,1420
Obama,2012-12-03,2012-12-09,50,44,6,2009-01-20,1413
Obama,2012-11-26,2012-12-02,51,42,7,2009-01-20,1406
Obama,2012-11-19,2012-11-25,52,40,8,2009-01-20,1399
Obama,2012-11-12,2012-11-18,53,41,6,2009-01-20,1392
Obama,2012-11-05,2012-11-11,51,43,6,2009-01-20,1385
Obama,2012-10-29,2012-11-04,52,45,3,2009-01-20,1378
Obama,2012-10-22,2012-10-28,50,45,5,2009-01-20,1371
Obama,2012-10-15,2012-10-21,50,45,5,2009-01-20,1364
Obama,2012-10-08,2012-10-14,50,45,5,2009-01-20,1357
Obama,2012-10-01,2012-10-07,52,43,5,2009-01-20,1350
Obama,2012-09-24,2012-09-30,48,45,7,2009-01-20,1343
Obama,2012-09-17,2012-09-23,49,45,6,2009-01-20,1336
Obama,2012-09-10,2012-09-16,50,44,6,2009-01-20,1329
Obama,2012-09-03,2012-09-09,50,44,6,2009-01-20,1322
Obama,2012-08-27,2012-09-02,44,47,9,2009-01-20,1315
Obama,2012-08-20,2012-08-26,46,47,7,2009-01-20,1308
Obama,2012-08-13,2012-08-19,45,49,6,2009-01-20,1301
Obama,2012-08-06,2012-08-12,45,49,6,2009-01-20,1294
Obama,2012-07-30,2012-08-05,45,48,7,2009-01-20,1287
Obama,2012-07-23,2012-07-29,47,47,6,2009-01-20,1280
Obama,2012-07-16,2012-07-22,45,48,7,2009-01-20,1273
Obama,2012-07-09,2012-07-15,46,47,7,2009-01-20,1266
Obama,2012-07-02,2012-07-08,45,46,9,2009-01-20,1259
Obama,2012-06-25,2012-07-01,47,46,7,2009-01-20,1252
Obama,2012-06-18,2012-06-24,46,48,6,2009-01-20,1245
Obama,2012-06-11,2012-06-17,46,48,6,2009-01-20,1238
Obama,2012-06-04,2012-06-10,47,46,7,2009-01-20,1231
Obama,2012-05-28,2012-06-03,46,46,8,2009-01-20,1224
Obama,2012-05-21,2012-05-27,48,46,6,2009-01-20,1217
Obama,2012-05-14,2012-05-20,47,46,7,2009-01-20,1210
Obama,2012-05-07,2012-05-13,47,47,6,2009-01-20,1203
Obama,2012-04-30,2012-05-06,48,46,6,2009-01-20,1196
Obama,2012-04-23,2012-04-29,48,46,6,2009-01-20,1189
Obama,2012-04-16,2012-04-22,48,46,6,2009-01-20,1182
Obama,2012-04-09,2012-04-15,47,46,7,2009-01-20,1175
Obama,2012-04-02,2012-04-08,47,46,7,2009-01-20,1168
Obama,2012-03-26,2012-04-01,46,45,9,2009-01-20,1161
Obama,2012-03-19,2012-03-25,46,45,9,2009-01-20,1154
Obama,2012-03-12,2012-03-18,46,47,7,2009-01-20,1147
Obama,2012-03-05,2012-03-11,48,44,8,2009-01-20,1140
Obama,2012-02-27,2012-03-04,45,48,7,2009-01-20,1133
Obama,2012-02-20,2012-02-26,45,47,8,2009-01-20,1126
Obama,2012-02-13,2012-02-19,45,47,8,2009-01-20,1119
Obama,2012-02-06,2012-02-12,47,47,6,2009-01-20,1112
Obama,2012-01-30,2012-02-05,46,47,7,2009-01-20,1105
Obama,2012-01-23,2012-01-29,45,48,7,2009-01-20,1098
Obama,2012-01-16,2012-01-22,45,46,9,2009-01-20,1091
Obama,2012-01-09,2012-01-15,45,47,8,2009-01-20,1084
Obama,2012-01-02,2012-01-08,46,47,7,2009-01-20,1077
Obama,2011-12-26,2012-01-01,42,49,9,2009-01-20,1070
Obama,2011-12-19,2011-12-25,45,47,8,2009-01-20,1063
Obama,2011-12-12,2011-12-18,42,50,8,2009-01-20,1056
Obama,2011-12-05,2011-12-11,43,50,7,2009-01-20,1049
Obama,2011-11-28,2011-12-04,42,50,8,2009-01-20,1042
Obama,2011-11-21,2011-11-27,43,49,8,2009-01-20,1035
Obama,2011-11-14,2011-11-20,43,49,8,2009-01-20,1028
Obama,2011-11-07,2011-11-13,43,48,9,2009-01-20,1021
Obama,2011-10-31,2011-11-06,43,50,7,2009-01-20,1014
Obama,2011-10-24,2011-10-30,43,49,8,2009-01-20,1007
Obama,2011-10-17,2011-10-23,41,51,8,2009-01-20,1000
Obama,2011-10-10,2011-10-16,41,52,7,2009-01-20,993
Obama,2011-10-03,2011-10-09,40,53,7,2009-01-20,986
Obama,2011-09-26,2011-10-02,41,50,9,2009-01-20,979
Obama,2011-09-19,2011-09-25,41,51,8,2009-01-20,972
Obama,2011-09-12,2011-09-18,40,52,8,2009-01-20,965
Obama,2011-09-05,2011-09-11,43,49,8,2009-01-20,958
Obama,2011-08-29,2011-09-04,42,51,7,2009-01-20,951
Obama,2011-08-22,2011-08-28,40,53,7,2009-01-20,944
Obama,2011-08-15,2011-08-21,40,53,7,2009-01-20,937
Obama,2011-08-08,2011-08-14,40,52,8,2009-01-20,930
Obama,2011-08-01,2011-08-07,42,50,8,2009-01-20,923
Obama,2011-07-25,2011-07-31,42,49,9,2009-01-20,916
Obama,2011-07-18,2011-07-24,43,48,9,2009-01-20,909
Obama,2011-07-11,2011-07-17,44,48,8,2009-01-20,902
Obama,2011-07-04,2011-07-10,46,45,9,2009-01-20,895
Obama,2011-06-27,2011-07-03,46,47,7,2009-01-20,888
Obama,2011-06-20,2011-06-26,43,49,8,2009-01-20,881
Obama,2011-06-13,2011-06-19,47,45,8,2009-01-20,874
Obama,2011-06-06,2011-06-12,46,44,10,2009-01-20,867
Obama,2011-05-30,2011-06-05,50,42,8,2009-01-20,860
Obama,2011-05-23,2011-05-29,49,43,8,2009-01-20,853
Obama,2011-05-16,2011-05-22,50,43,7,2009-01-20,846
Obama,2011-05-09,2011-05-15,49,43,8,2009-01-20,839
Obama,2011-05-02,2011-05-08,51,40,9,2009-01-20,832
Obama,2011-04-25,2011-05-01,44,47,9,2009-01-20,825
Obama,2011-04-18,2011-04-24,43,48,9,2009-01-20,818
Obama,2011-04-11,2011-04-17,43,48,9,2009-01-20,811
Obama,2011-04-04,2011-04-10,45,46,9,2009-01-20,804
Obama,2011-03-28,2011-04-03,48,44,8,2009-01-20,797
Obama,2011-03-21,2011-03-27,45,47,8,2009-01-20,790
Obama,2011-03-14,2011-03-20,48,44,8,2009-01-20,783
Obama,2011-03-07,2011-03-13,47,45,8,2009-01-20,776
Obama,2011-02-28,2011-03-06,46,46,8,2009-01-20,769
Obama,2011-02-21,2011-02-27,48,44,8,2009-01-20,762
Obama,2011-02-14,2011-02-20,48,43,9,2009-01-20,755
Obama,2011-02-07,2011-02-13,48,43,9,2009-01-20,748
Obama,2011-01-31,2011-02-06,47,45,8,2009-01-20,741
Obama,2011-01-24,2011-01-30,50,42,8,2009-01-20,734
Obama,2011-01-17,2011-01-23,50,42,8,2009-01-20,727
Obama,2011-01-10,2011-01-16,49,42,9,2009-01-20,720
Obama,2011-01-03,2011-01-09,48,45,7,2009-01-20,713
Obama,2010-12-27,2011-01-02,48,44,8,2009-01-20,706
Obama,2010-12-20,2010-12-26,47,46,7,2009-01-20,699
Obama,2010-12-13,2010-12-19,46,46,8,2009-01-20,692
Obama,2010-12-06,2010-12-12,45,48,7,2009-01-20,685
Obama,2010-11-29,2010-12-05,46,46,8,2009-01-20,678
Obama,2010-11-22,2010-11-28,45,47,8,2009-01-20,671
Obama,2010-11-15,2010-11-21,46,46,8,2009-01-20,664
Obama,2010-11-08,2010-11-14,44,48,8,2009-01-20,657
Obama,2010-11-01,2010-11-07,45,47,8,2009-01-20,650
Obama,2010-10-25,2010-10-31,45,48,7,2009-01-20,643
Obama,2010-10-18,2010-10-24,44,48,8,2009-01-20,636
Obama,2010-10-11,2010-10-17,45,47,8,2009-01-20,629
Obama,2010-10-04,2010-10-10,46,48,6,2009-01-20,622
Obama,2010-09-27,2010-10-03,46,47,7,2009-01-20,615
Obama,2010-09-20,2010-09-26,44,48,8,2009-01-20,608
Obama,2010-09-13,2010-09-19,46,47,7,2009-01-20,601
Obama,2010-09-06,2010-09-12,46,46,8,2009-01-20,594
Obama,2010-08-30,2010-09-05,45,47,8,2009-01-20,587
Obama,2010-08-23,2010-08-29,43,49,8,2009-01-20,580
Obama,2010-08-16,2010-08-22,43,50,7,2009-01-20,573
Obama,2010-08-09,2010-08-15,44,48,8,2009-01-20,566
Obama,2010-08-02,2010-08-08,45,48,7,2009-01-20,559
Obama,2010-07-26,2010-08-01,45,47,8,2009-01-20,552
Obama,2010-07-19,2010-07-25,45,47,8,2009-01-20,545
Obama,2010-07-12,2010-07-18,46,46,8,2009-01-20,538
Obama,2010-07-05,2010-07-11,46,47,7,2009-01-20,531
Obama,2010-06-28,2010-07-04,46,45,9,2009-01-20,524
Obama,2010-06-21,2010-06-27,45,46,9,2009-01-20,517
Obama,2010-06-14,2010-06-20,47,45,8,2009-01-20,510
Obama,2010-06-07,2010-06-13,46,46,8,2009-01-20,503
Obama,2010-05-31,2010-06-06,47,45,8,2009-01-20,496
Obama,2010-05-24,2010-05-30,46,46,8,2009-01-20,489
Obama,2010-05-17,2010-05-23,48,45,7,2009-01-20,482
Obama,2010-05-10,2010-05-16,49,43,8,2009-01-20,475
Obama,2010-05-03,2010-05-09,50,43,7,2009-01-20,468
Obama,2010-04-26,2010-05-02,48,45,7,2009-01-20,461
Obama,2010-04-19,2010-04-25,50,43,7,2009-01-20,454
Obama,2010-04-12,2010-04-18,48,45,7,2009-01-20,447
Obama,2010-04-05,2010-04-11,47,46,7,2009-01-20,440
Obama,2010-03-29,2010-04-04,49,44,7,2009-01-20,433
Obama,2010-03-22,2010-03-28,49,44,7,2009-01-20,426
Obama,2010-03-15,2010-03-21,48,45,7,2009-01-20,419
Obama,2010-03-08,2010-03-14,48,45,7,2009-01-20,412
Obama,2010-03-01,2010-03-07,49,44,7,2009-01-20,405
Obama,2010-02-22,2010-02-28,50,43,7,2009-01-20,398
Obama,2010-02-15,2010-02-21,49,43,8,2009-01-20,391
Obama,2010-02-08,2010-02-14,51,42,7,2009-01-20,384
Obama,2010-02-01,2010-02-07,50,43,7,2009-01-20,377
Obama,2010-01-25,2010-01-31,48,45,7,2009-01-20,370
Obama,2010-01-18,2010-01-24,49,46,5,2009-01-20,363
Obama,2010-01-11,2010-01-17,50,43,7,2009-01-20,356
Obama,2010-01-04,2010-01-10,51,43,6,2009-01-20,349
Obama,2009-12-28,2010-01-03,51,43,6,2009-01-20,342
Obama,2009-12-21,2009-12-27,51,43,6,2009-01-20,335
Obama,2009-12-14,2009-12-20,50,43,7,2009-01-20,328
Obama,2009-12-07,2009-12-13,49,42,9,2009-01-20,321
Obama,2009-11-30,2009-12-06,50,44,6,2009-01-20,314
Obama,2009-11-23,2009-11-29,50,42,8,2009-01-20,307
Obama,2009-11-16,2009-11-22,49,44,7,2009-01-20,300
Obama,2009-11-09,2009-11-15,53,39,8,2009-01-20,293
Obama,2009-11-02,2009-11-08,52,42,6,2009-01-20,286
Obama,2009-10-26,2009-11-01,53,41,6,2009-01-20,279
Obama,2009-10-19,2009-10-25,53,39,8,2009-01-20,272
Obama,2009-10-12,2009-10-18,52,41,7,2009-01-20,265
Obama,2009-10-05,2009-10-11,54,38,8,2009-01-20,258
Obama,2009-09-28,2009-10-04,52,40,8,2009-01-20,251
Obama,2009-09-21,2009-09-27,51,41,8,2009-01-20,244
Obama,2009-09-14,2009-09-20,52,41,7,2009-01-20,237
Obama,2009-09-07,2009-09-13,52,41,7,2009-01-20,230
Obama,2009-08-31,2009-09-06,53,40,7,2009-01-20,223
Obama,2009-08-24,2009-08-30,50,43,7,2009-01-20,216
Obama,2009-08-17,2009-08-23,52,41,7,2009-01-20,209
Obama,2009-08-10,2009-08-16,54,40,6,2009-01-20,202
Obama,2009-08-03,2009-08-09,56,37,7,2009-01-20,195
Obama,2009-07-27,2009-08-02,54,39,7,2009-01-20,188
Obama,2009-07-20,2009-07-26,56,38,6,2009-01-20,181
Obama,2009-07-13,2009-07-19,59,33,8,2009-01-20,174
Obama,2009-07-06,2009-07-12,58,34,8,2009-01-20,167
Obama,2009-06-29,2009-07-05,60,32,8,2009-01-20,160
Obama,2009-06-22,2009-06-28,60,33,7,2009-01-20,153
Obama,2009-06-15,2009-06-21,59,34,7,2009-01-20,146
Obama,2009-06-08,2009-06-14,61,31,8,2009-01-20,139
Obama,2009-06-01,2009-06-07,62,31,7,2009-01-20,132
Obama,2009-05-25,2009-05-31,63,30,7,2009-01-20,125
Obama,2009-05-18,2009-05-24,64,28,8,2009-01-20,118
Obama,2009-05-11,2009-05-17,64,29,7,2009-01-20,111
Obama,2009-05-04,2009-05-10,66,27,7,2009-01-20,104
Obama,2009-04-27,2009-05-03,65,29,6,2009-01-20,97
Obama,2009-04-20,2009-04-26,65,29,6,2009-01-20,90
Obama,2009-04-13,2009-04-19,62,29,9,2009-01-20,83
Obama,2009-04-06,2009-04-12,61,28,11,2009-01-20,76
Obama,2009-03-30,2009-04-05,62,28,10,2009-01-20,69
Obama,2009-03-23,2009-03-29,61,29,10,2009-01-20,62
Obama,2009-03-16,2009-03-22,63,26,11,2009-01-20,55
Obama,2009-03-09,2009-03-15,62,28,10,2009-01-20,48
Obama,2009-03-02,2009-03-08,62,27,11,2009-01-20,41
Obama,2009-02-23,2009-03-01,64,23,13,2009-01-20,34
Obama,2009-02-16,2009-02-22,62,25,13,2009-01-20,27
Obama,2009-02-09,2009-02-15,64,22,14,2009-01-20,20
Obama,2009-02-02,2009-02-08,65,21,14,2009-01-20,13
Obama,2009-01-26,2009-02-01,66,18,16,2009-01-20,6
Obama,2009-01-19,2009-01-25,67,13,20,2009-01-20,-1
Bush2,2009-01-09,2009-01-11,34,61,5,2001-01-20,2911
Bush2,2008-12-12,2008-12-14,29,67,4,2001-01-20,2883
Bush2,2008-12-04,2008-12-07,32,61,7,2001-01-20,2875
Bush2,2008-11-13,2008-11-16,29,66,5,2001-01-20,2854
Bush2,2008-11-07,2008-11-09,28,68,4,2001-01-20,2848
Bush2,2008-10-31,2008-11-02,25,70,5,2001-01-20,2841
Bush2,2008-10-23,2008-10-26,31,66,3,2001-01-20,2833
Bush2,2008-10-10,2008-10-12,25,71,4,2001-01-20,2820
Bush2,2008-10-03,2008-10-05,25,70,5,2001-01-20,2813
Bush2,2008-09-26,2008-09-27,27,69,4,2001-01-20,2806
Bush2,2008-09-08,2008-09-11,31,65,4,2001-01-20,2788
Bush2,2008-09-05,2008-09-07,33,64,3,2001-01-20,2785
Bush2,2008-08-21,2008-08-23,29,66,5,2001-01-20,2770
Bush2,2008-08-07,2008-08-10,33,61,6,2001-01-20,2756
Bush2,2008-07-25,2008-07-27,32,65,3,2001-01-20,2743
Bush2,2008-07-10,2008-07-13,31,61,8,2001-01-20,2728
Bush2,2008-06-15,2008-06-19,28,68,4,2001-01-20,2703
Bush2,2008-06-09,2008-06-12,30,64,6,2001-01-20,2697
Bush2,2008-05-30,2008-06-01,28,68,4,2001-01-20,2687
Bush2,2008-05-08,2008-05-11,29,65,6,2001-01-20,2665
Bush2,2008-05-01,2008-05-03,28,67,5,2001-01-20,2658
Bush2,2008-04-18,2008-04-20,28,69,3,2001-01-20,2645
Bush2,2008-04-06,2008-04-09,28,67,5,2001-01-20,2633
Bush2,2008-03-14,2008-03-16,32,64,4,2001-01-20,2610
Bush2,2008-03-06,2008-03-09,32,64,4,2001-01-20,2602
Bush2,2008-02-21,2008-02-24,32,62,6,2001-01-20,2588
Bush2,2008-02-11,2008-02-14,31,65,4,2001-01-20,2578
Bush2,2008-02-08,2008-02-10,33,61,6,2001-01-20,2575
Bush2,2008-01-30,2008-02-02,34,61,5,2001-01-20,2566
Bush2,2008-01-10,2008-01-13,34,60,6,2001-01-20,2546
Bush2,2008-01-04,2008-01-06,32,64,4,2001-01-20,2540
Bush2,2007-12-14,2007-12-16,32,65,3,2001-01-20,2519
Bush2,2007-12-06,2007-12-09,37,57,6,2001-01-20,2511
Bush2,2007-11-30,2007-12-02,34,62,4,2001-01-20,2505
Bush2,2007-11-11,2007-11-14,32,61,7,2001-01-20,2486
Bush2,2007-11-02,2007-11-04,31,64,5,2001-01-20,2477
Bush2,2007-10-12,2007-10-14,32,64,4,2001-01-20,2456
Bush2,2007-10-04,2007-10-07,32,64,4,2001-01-20,2448
Bush2,2007-09-14,2007-09-16,36,62,2,2001-01-20,2428
Bush2,2007-09-07,2007-09-08,33,62,5,2001-01-20,2421
Bush2,2007-08-13,2007-08-16,32,63,5,2001-01-20,2396
Bush2,2007-08-03,2007-08-05,34,62,4,2001-01-20,2386
Bush2,2007-07-12,2007-07-15,31,63,6,2001-01-20,2364
Bush2,2007-07-06,2007-07-08,29,66,5,2001-01-20,2358
Bush2,2007-06-11,2007-06-14,32,65,3,2001-01-20,2333
Bush2,2007-06-01,2007-06-03,32,62,6,2001-01-20,2323
Bush2,2007-05-10,2007-05-13,33,62,5,2001-01-20,2301
Bush2,2007-05-04,2007-05-06,34,63,3,2001-01-20,2295
Bush2,2007-04-13,2007-04-15,36,60,4,2001-01-20,2274
Bush2,2007-04-02,2007-04-05,38,58,4,2001-01-20,2263
Bush2,2007-03-23,2007-03-25,34,62,4,2001-01-20,2253
Bush2,2007-03-11,2007-03-14,35,61,4,2001-01-20,2241
Bush2,2007-03-02,2007-03-04,33,63,4,2001-01-20,2232
Bush2,2007-02-09,2007-02-11,37,59,4,2001-01-20,2211
Bush2,2007-02-01,2007-02-04,32,65,3,2001-01-20,2203
Bush2,2007-01-15,2007-01-18,36,61,3,2001-01-20,2186
Bush2,2007-01-12,2007-01-14,34,63,3,2001-01-20,2183
Bush2,2007-01-05,2007-01-07,37,59,4,2001-01-20,2176
Bush2,2006-12-11,2006-12-14,35,61,4,2001-01-20,2151
Bush2,2006-12-08,2006-12-10,38,59,3,2001-01-20,2148
Bush2,2006-11-09,2006-11-12,37,62,1,2001-01-20,2119
Bush2,2006-11-02,2006-11-05,38,56,6,2001-01-20,2112
Bush2,2006-10-20,2006-10-22,37,58,5,2001-01-20,2099
Bush2,2006-10-09,2006-10-12,37,57,6,2001-01-20,2088
Bush2,2006-10-06,2006-10-08,37,59,4,2001-01-20,2085
Bush2,2006-09-15,2006-09-17,44,51,5,2001-01-20,2064
Bush2,2006-09-07,2006-09-10,39,56,5,2001-01-20,2056
Bush2,2006-08-18,2006-08-20,42,54,4,2001-01-20,2036
Bush2,2006-08-07,2006-08-10,37,59,4,2001-01-20,2025
Bush2,2006-07-28,2006-07-30,40,56,4,2001-01-20,2015
Bush2,2006-07-21,2006-07-23,37,59,4,2001-01-20,2008
Bush2,2006-07-06,2006-07-09,40,55,5,2001-01-20,1993
Bush2,2006-06-23,2006-06-25,37,60,3,2001-01-20,1980
Bush2,2006-06-09,2006-06-11,38,56,6,2001-01-20,1966
Bush2,2006-06-01,2006-06-04,36,57,7,2001-01-20,1958
Bush2,2006-05-08,2006-05-11,33,61,6,2001-01-20,1934
Bush2,2006-05-05,2006-05-07,31,61,8,2001-01-20,1931
Bush2,2006-04-28,2006-04-30,34,65,1,2001-01-20,1924
Bush2,2006-04-10,2006-04-13,36,63,1,2001-01-20,1906
Bush2,2006-04-07,2006-04-09,37,60,3,2001-01-20,1903
Bush2,2006-03-13,2006-03-16,37,59,4,2001-01-20,1878
Bush2,2006-03-10,2006-03-12,36,60,4,2001-01-20,1875
Bush2,2006-02-28,2006-03-01,38,60,2,2001-01-20,1865
Bush2,2006-02-09,2006-02-12,39,56,5,2001-01-20,1846
Bush2,2006-02-06,2006-02-09,42,55,3,2001-01-20,1843
Bush2,2006-01-20,2006-01-22,43,54,3,2001-01-20,1826
Bush2,2006-01-09,2006-01-12,43,53,4,2001-01-20,1815
Bush2,2006-01-06,2006-01-08,43,54,3,2001-01-20,1812
Bush2,2005-12-19,2005-12-22,43,53,4,2001-01-20,1794
Bush2,2005-12-16,2005-12-18,41,56,3,2001-01-20,1791
Bush2,2005-12-09,2005-12-11,42,55,3,2001-01-20,1784
Bush2,2005-12-05,2005-12-08,43,52,5,2001-01-20,1780
Bush2,2005-11-17,2005-11-20,38,57,5,2001-01-20,1762
Bush2,2005-11-11,2005-11-13,37,60,3,2001-01-20,1756
Bush2,2005-11-07,2005-11-10,40,55,5,2001-01-20,1752
Bush2,2005-10-28,2005-10-30,41,56,3,2001-01-20,1742
Bush2,2005-10-21,2005-10-23,42,55,3,2001-01-20,1735
Bush2,2005-10-13,2005-10-16,39,58,3,2001-01-20,1727
Bush2,2005-09-26,2005-09-28,44,50,6,2001-01-20,1710
Bush2,2005-09-16,2005-09-18,40,58,2,2001-01-20,1700
Bush2,2005-09-12,2005-09-15,45,52,3,2001-01-20,1696
Bush2,2005-09-08,2005-09-11,46,51,3,2001-01-20,1692
Bush2,2005-08-28,2005-08-30,45,52,3,2001-01-20,1681
Bush2,2005-08-22,2005-08-25,40,58,2,2001-01-20,1675
Bush2,2005-08-08,2005-08-11,45,51,4,2001-01-20,1661
Bush2,2005-08-05,2005-08-07,45,51,4,2001-01-20,1658
Bush2,2005-07-25,2005-07-28,44,51,5,2001-01-20,1647
Bush2,2005-07-22,2005-07-24,49,48,3,2001-01-20,1644
Bush2,2005-07-07,2005-07-10,49,48,3,2001-01-20,1629
Bush2,2005-06-29,2005-06-30,46,51,3,2001-01-20,1621
Bush2,2005-06-24,2005-06-26,45,53,2,2001-01-20,1616
Bush2,2005-06-16,2005-06-19,47,51,2,2001-01-20,1608
Bush2,2005-06-06,2005-06-08,47,49,4,2001-01-20,1598
Bush2,2005-05-23,2005-05-26,48,47,5,2001-01-20,1584
Bush2,2005-05-20,2005-05-22,46,50,4,2001-01-20,1581
Bush2,2005-05-02,2005-05-05,50,45,5,2001-01-20,1563
Bush2,2005-04-29,2005-05-01,48,49,3,2001-01-20,1560
Bush2,2005-04-18,2005-04-21,48,49,3,2001-01-20,1549
Bush2,2005-04-04,2005-04-07,50,45,5,2001-01-20,1535
Bush2,2005-04-01,2005-04-02,48,48,4,2001-01-20,1532
Bush2,2005-03-21,2005-03-23,45,49,6,2001-01-20,1521
Bush2,2005-03-18,2005-03-20,52,44,4,2001-01-20,1518
Bush2,2005-03-07,2005-03-10,52,44,4,2001-01-20,1507
Bush2,2005-02-25,2005-02-27,52,45,3,2001-01-20,1497
Bush2,2005-02-21,2005-02-24,51,45,4,2001-01-20,1493
Bush2,2005-02-07,2005-02-10,49,48,3,2001-01-20,1479
Bush2,2005-02-04,2005-02-06,57,40,3,2001-01-20,1476
Bush2,2005-01-14,2005-01-16,51,46,3,2001-01-20,1455
Bush2,2005-01-07,2005-01-09,52,44,4,2001-01-20,1448
Bush2,2005-01-03,2005-01-05,52,44,4,2001-01-20,1444
Bush2,2004-12-17,2004-12-19,49,46,5,2001-01-20,1427
Bush2,2004-12-05,2004-12-08,53,44,3,2001-01-20,1415
Bush2,2004-11-19,2004-11-21,55,42,3,2001-01-20,1399
Bush2,2004-11-07,2004-11-10,53,44,3,2001-01-20,1387
Bush2,2004-10-29,2004-10-31,48,47,5,2001-01-20,1378
Bush2,2004-10-22,2004-10-24,51,46,3,2001-01-20,1371
Bush2,2004-10-14,2004-10-16,51,47,2,2001-01-20,1363
Bush2,2004-10-11,2004-10-14,48,49,3,2001-01-20,1360
Bush2,2004-10-09,2004-10-10,47,49,4,2001-01-20,1358
Bush2,2004-10-01,2004-10-03,50,48,2,2001-01-20,1350
Bush2,2004-09-24,2004-09-26,54,44,2,2001-01-20,1343
Bush2,2004-09-13,2004-09-15,52,45,3,2001-01-20,1332
Bush2,2004-09-03,2004-09-05,52,46,2,2001-01-20,1322
Bush2,2004-08-23,2004-08-25,49,47,4,2001-01-20,1311
Bush2,2004-08-09,2004-08-11,51,46,3,2001-01-20,1297
Bush2,2004-07-30,2004-08-01,48,49,3,2001-01-20,1287
Bush2,2004-07-19,2004-07-21,49,47,4,2001-01-20,1276
Bush2,2004-07-08,2004-07-11,47,49,4,2001-01-20,1265
Bush2,2004-06-21,2004-06-23,48,49,3,2001-01-20,1248
Bush2,2004-06-03,2004-06-06,49,49,2,2001-01-20,1230
Bush2,2004-05-21,2004-05-23,47,49,4,2001-01-20,1217
Bush2,2004-05-07,2004-05-09,46,51,3,2001-01-20,1203
Bush2,2004-05-02,2004-05-04,49,48,3,2001-01-20,1198
Bush2,2004-04-16,2004-04-18,52,45,3,2001-01-20,1182
Bush2,2004-04-05,2004-04-08,52,45,3,2001-01-20,1171
Bush2,2004-03-26,2004-03-28,53,44,3,2001-01-20,1161
Bush2,2004-03-08,2004-03-11,50,47,3,2001-01-20,1143
Bush2,2004-03-05,2004-03-07,49,48,3,2001-01-20,1140
Bush2,2004-02-16,2004-02-17,51,46,3,2001-01-20,1122
Bush2,2004-02-09,2004-02-12,51,46,3,2001-01-20,1115
Bush2,2004-02-06,2004-02-08,52,44,4,2001-01-20,1112
Bush2,2004-01-29,2004-02-01,49,48,3,2001-01-20,1104
Bush2,2004-01-12,2004-01-15,53,44,3,2001-01-20,1087
Bush2,2004-01-09,2004-01-11,59,38,3,2001-01-20,1084
Bush2,2004-01-02,2004-01-05,60,35,5,2001-01-20,1077
Bush2,2003-12-15,2003-12-16,63,34,3,2001-01-20,1059
Bush2,2003-12-11,2003-12-14,56,41,3,2001-01-20,1055
Bush2,2003-12-05,2003-12-07,55,43,2,2001-01-20,1049
Bush2,2003-11-14,2003-11-16,50,47,3,2001-01-20,1028
Bush2,2003-11-10,2003-11-12,51,45,4,2001-01-20,1024
Bush2,2003-11-03,2003-11-05,54,43,3,2001-01-20,1017
Bush2,2003-10-24,2003-10-26,53,42,5,2001-01-20,1007
Bush2,2003-10-10,2003-10-12,56,40,4,2001-01-20,993
Bush2,2003-10-06,2003-10-08,55,42,3,2001-01-20,989
Bush2,2003-09-19,2003-09-21,50,47,3,2001-01-20,972
Bush2,2003-09-08,2003-09-10,52,43,5,2001-01-20,961
Bush2,2003-08-25,2003-08-26,59,37,4,2001-01-20,947
Bush2,2003-08-04,2003-08-06,60,36,4,2001-01-20,926
Bush2,2003-07-25,2003-07-27,58,38,4,2001-01-20,916
Bush2,2003-07-18,2003-07-20,59,38,3,2001-01-20,909
Bush2,2003-07-07,2003-07-09,62,34,4,2001-01-20,898
Bush2,2003-06-27,2003-06-29,61,36,3,2001-01-20,888
Bush2,2003-06-12,2003-06-15,63,33,4,2001-01-20,873
Bush2,2003-06-09,2003-06-10,62,34,4,2001-01-20,870
Bush2,2003-05-30,2003-06-01,64,32,4,2001-01-20,860
Bush2,2003-05-19,2003-05-21,66,30,4,2001-01-20,849
Bush2,2003-05-05,2003-05-07,69,28,3,2001-01-20,835
Bush2,2003-04-22,2003-04-23,70,26,4,2001-01-20,822
Bush2,2003-04-14,2003-04-16,71,24,5,2001-01-20,814
Bush2,2003-04-07,2003-04-09,69,26,5,2001-01-20,807
Bush2,2003-04-05,2003-04-06,70,27,3,2001-01-20,805
Bush2,2003-03-29,2003-03-30,71,26,3,2001-01-20,798
Bush2,2003-03-24,2003-03-25,69,27,4,2001-01-20,793
Bush2,2003-03-22,2003-03-23,71,25,4,2001-01-20,791
Bush2,2003-03-14,2003-03-15,58,38,4,2001-01-20,783
Bush2,2003-03-03,2003-03-05,57,37,6,2001-01-20,772
Bush2,2003-02-24,2003-02-26,57,37,6,2001-01-20,765
Bush2,2003-02-17,2003-02-19,58,37,5,2001-01-20,758
Bush2,2003-02-07,2003-02-09,61,34,5,2001-01-20,748
Bush2,2003-02-03,2003-02-06,59,35,6,2001-01-20,744
Bush2,2003-01-31,2003-02-02,61,35,4,2001-01-20,741
Bush2,2003-01-23,2003-01-25,60,36,4,2001-01-20,733
Bush2,2003-01-20,2003-01-22,58,36,6,2001-01-20,730
Bush2,2003-01-13,2003-01-16,61,34,5,2001-01-20,723
Bush2,2003-01-10,2003-01-12,58,37,5,2001-01-20,720
Bush2,2003-01-03,2003-01-05,63,32,5,2001-01-20,713
Bush2,2002-12-19,2002-12-22,61,32,7,2001-01-20,698
Bush2,2002-12-16,2002-12-17,63,33,4,2001-01-20,695
Bush2,2002-12-09,2002-12-10,63,32,5,2001-01-20,688
Bush2,2002-12-05,2002-12-08,64,29,7,2001-01-20,684
Bush2,2002-11-22,2002-11-24,65,28,7,2001-01-20,671
Bush2,2002-11-11,2002-11-14,66,26,8,2001-01-20,660
Bush2,2002-11-08,2002-11-10,68,27,5,2001-01-20,657
Bush2,2002-10-31,2002-11-03,63,29,8,2001-01-20,649
Bush2,2002-10-21,2002-10-22,67,28,5,2001-01-20,639
Bush2,2002-10-14,2002-10-17,62,31,7,2001-01-20,632
Bush2,2002-10-03,2002-10-06,67,28,5,2001-01-20,621
Bush2,2002-09-23,2002-09-26,68,26,6,2001-01-20,611
Bush2,2002-09-20,2002-09-22,66,30,4,2001-01-20,608
Bush2,2002-09-13,2002-09-16,70,26,4,2001-01-20,601
Bush2,2002-09-05,2002-09-08,66,30,4,2001-01-20,593
Bush2,2002-09-02,2002-09-04,66,29,5,2001-01-20,590
Bush2,2002-08-19,2002-08-21,65,28,7,2001-01-20,576
Bush2,2002-08-05,2002-08-08,68,26,6,2001-01-20,562
Bush2,2002-07-29,2002-07-31,71,23,6,2001-01-20,555
Bush2,2002-07-26,2002-07-28,69,26,5,2001-01-20,552
Bush2,2002-07-22,2002-07-24,69,24,7,2001-01-20,548
Bush2,2002-07-09,2002-07-11,73,21,6,2001-01-20,535
Bush2,2002-07-05,2002-07-08,76,18,6,2001-01-20,531
Bush2,2002-06-28,2002-06-30,76,19,5,2001-01-20,524
Bush2,2002-06-21,2002-06-23,73,21,6,2001-01-20,517
Bush2,2002-06-17,2002-06-19,74,20,6,2001-01-20,513
Bush2,2002-06-07,2002-06-08,74,18,8,2001-01-20,503
Bush2,2002-06-03,2002-06-06,70,23,7,2001-01-20,499
Bush2,2002-05-28,2002-05-29,77,17,6,2001-01-20,493
Bush2,2002-05-20,2002-05-22,76,17,7,2001-01-20,485
Bush2,2002-05-06,2002-05-09,76,19,5,2001-01-20,471
Bush2,2002-04-29,2002-05-01,77,20,3,2001-01-20,464
Bush2,2002-04-22,2002-04-24,77,17,6,2001-01-20,457
Bush2,2002-04-08,2002-04-11,75,20,5,2001-01-20,443
Bush2,2002-04-05,2002-04-07,76,19,5,2001-01-20,440
Bush2,2002-03-22,2002-03-24,79,17,4,2001-01-20,426
Bush2,2002-03-18,2002-03-20,79,16,5,2001-01-20,422
Bush2,2002-03-08,2002-03-09,80,14,6,2001-01-20,412
Bush2,2002-03-04,2002-03-07,77,18,5,2001-01-20,408
Bush2,2002-03-01,2002-03-03,81,14,5,2001-01-20,405
Bush2,2002-02-08,2002-02-10,82,14,4,2001-01-20,384
Bush2,2002-02-04,2002-02-06,82,14,4,2001-01-20,380
Bush2,2002-01-25,2002-01-27,84,13,3,2001-01-20,370
Bush2,2002-01-11,2002-01-14,83,13,4,2001-01-20,356
Bush2,2002-01-07,2002-01-09,84,12,4,2001-01-20,352
Bush2,2001-12-14,2001-12-16,86,11,3,2001-01-20,328
Bush2,2001-12-06,2001-12-09,86,10,4,2001-01-20,320
Bush2,2001-11-26,2001-11-27,87,8,5,2001-01-20,310
Bush2,2001-11-08,2001-11-11,87,9,4,2001-01-20,292
Bush2,2001-11-02,2001-11-04,87,9,4,2001-01-20,286
Bush2,2001-10-19,2001-10-21,88,9,3,2001-01-20,272
Bush2,2001-10-11,2001-10-14,89,8,3,2001-01-20,264
Bush2,2001-10-05,2001-10-06,87,10,3,2001-01-20,258
Bush2,2001-09-21,2001-09-22,90,6,4,2001-01-20,244
Bush2,2001-09-14,2001-09-15,86,10,4,2001-01-20,237
Bush2,2001-09-07,2001-09-10,51,39,10,2001-01-20,230
Bush2,2001-08-24,2001-08-26,55,36,9,2001-01-20,216
Bush2,2001-08-16,2001-08-19,57,34,9,2001-01-20,208
Bush2,2001-08-10,2001-08-12,57,35,8,2001-01-20,202
Bush2,2001-08-03,2001-08-05,55,35,10,2001-01-20,195
Bush2,2001-07-19,2001-07-22,56,33,11,2001-01-20,180
Bush2,2001-07-10,2001-07-11,57,35,8,2001-01-20,171
Bush2,2001-06-28,2001-07-01,52,34,14,2001-01-20,159
Bush2,2001-06-11,2001-06-17,55,33,12,2001-01-20,142
Bush2,2001-06-08,2001-06-10,55,35,10,2001-01-20,139
Bush2,2001-05-18,2001-05-20,56,36,8,2001-01-20,118
Bush2,2001-05-10,2001-05-14,56,31,13,2001-01-20,110
Bush2,2001-05-07,2001-05-09,53,33,14,2001-01-20,107
Bush2,2001-04-20,2001-04-22,62,29,9,2001-01-20,90
Bush2,2001-04-06,2001-04-08,59,30,11,2001-01-20,76
Bush2,2001-03-26,2001-03-28,53,29,18,2001-01-20,65
Bush2,2001-03-09,2001-03-11,58,29,13,2001-01-20,48
Bush2,2001-03-05,2001-03-07,63,22,15,2001-01-20,44
Bush2,2001-02-19,2001-02-21,62,21,17,2001-01-20,30
Bush2,2001-02-09,2001-02-11,57,25,18,2001-01-20,20
Bush2,2001-02-01,2001-02-04,57,25,18,2001-01-20,12
Clinton,2001-01-10,2001-01-14,66,29,5,1993-01-20,2912
Clinton,2001-01-05,2001-01-07,65,31,4,1993-01-20,2907
Clinton,2000-12-15,2000-12-17,66,32,2,1993-01-20,2886
Clinton,2000-12-02,2000-12-04,60,35,5,1993-01-20,2873
Clinton,2000-11-13,2000-11-15,63,33,4,1993-01-20,2854
Clinton,2000-10-25,2000-10-28,57,38,5,1993-01-20,2835
Clinton,2000-10-06,2000-10-09,58,37,5,1993-01-20,2816
Clinton,2000-09-11,2000-09-13,60,34,6,1993-01-20,2791
Clinton,2000-08-29,2000-09-03,62,35,3,1993-01-20,2778
Clinton,2000-08-18,2000-08-19,62,35,3,1993-01-20,2767
Clinton,2000-08-11,2000-08-12,58,39,3,1993-01-20,2760
Clinton,2000-08-04,2000-08-05,57,40,3,1993-01-20,2753
Clinton,2000-07-25,2000-07-26,57,39,4,1993-01-20,2743
Clinton,2000-07-14,2000-07-16,59,37,4,1993-01-20,2732
Clinton,2000-07-06,2000-07-09,59,36,5,1993-01-20,2724
Clinton,2000-06-22,2000-06-25,55,40,5,1993-01-20,2710
Clinton,2000-06-06,2000-06-07,60,36,4,1993-01-20,2694
Clinton,2000-05-18,2000-05-21,57,37,6,1993-01-20,2675
Clinton,2000-05-04,2000-05-07,57,36,7,1993-01-20,2661
Clinton,2000-04-28,2000-04-30,59,39,2,1993-01-20,2655
Clinton,2000-03-30,2000-04-02,62,34,4,1993-01-20,2626
Clinton,2000-03-17,2000-03-19,56,39,5,1993-01-20,2613
Clinton,2000-03-10,2000-03-12,63,34,3,1993-01-20,2606
Clinton,2000-02-25,2000-02-27,57,39,4,1993-01-20,2592
Clinton,2000-02-14,2000-02-15,62,34,4,1993-01-20,2581
Clinton,2000-02-04,2000-02-06,63,33,4,1993-01-20,2571
Clinton,2000-01-25,2000-01-26,64,32,4,1993-01-20,2561
Clinton,2000-01-17,2000-01-20,62,35,3,1993-01-20,2553
Clinton,2000-01-13,2000-01-16,59,37,4,1993-01-20,2549
Clinton,2000-01-07,2000-01-10,63,35,2,1993-01-20,2543
Clinton,1999-12-20,1999-12-21,57,36,7,1993-01-20,2525
Clinton,1999-12-09,1999-12-12,56,41,3,1993-01-20,2514
Clinton,1999-11-18,1999-11-21,59,36,5,1993-01-20,2493
Clinton,1999-11-04,1999-11-07,58,38,4,1993-01-20,2479
Clinton,1999-10-21,1999-10-24,59,36,5,1993-01-20,2465
Clinton,1999-10-08,1999-10-10,56,39,5,1993-01-20,2452
Clinton,1999-09-23,1999-09-26,59,38,3,1993-01-20,2437
Clinton,1999-09-10,1999-09-14,60,38,2,1993-01-20,2424
Clinton,1999-08-24,1999-08-26,60,35,5,1993-01-20,2407
Clinton,1999-08-16,1999-08-18,59,36,5,1993-01-20,2399
Clinton,1999-08-03,1999-08-04,60,35,5,1993-01-20,2386
Clinton,1999-07-22,1999-07-25,64,31,5,1993-01-20,2374
Clinton,1999-07-16,1999-07-18,58,38,4,1993-01-20,2368
Clinton,1999-07-13,1999-07-14,59,37,4,1993-01-20,2365
Clinton,1999-06-25,1999-06-27,57,41,2,1993-01-20,2347
Clinton,1999-06-11,1999-06-13,60,37,3,1993-01-20,2333
Clinton,1999-06-04,1999-06-05,60,35,5,1993-01-20,2326
Clinton,1999-05-23,1999-05-24,53,42,5,1993-01-20,2314
Clinton,1999-05-07,1999-05-09,60,35,5,1993-01-20,2298
Clinton,1999-04-30,1999-05-02,60,36,4,1993-01-20,2291
Clinton,1999-04-26,1999-04-27,60,35,5,1993-01-20,2287
Clinton,1999-04-13,1999-04-14,60,36,4,1993-01-20,2274
Clinton,1999-04-06,1999-04-07,59,35,6,1993-01-20,2267
Clinton,1999-03-30,1999-03-31,64,32,4,1993-01-20,2260
Clinton,1999-03-19,1999-03-21,64,33,3,1993-01-20,2249
Clinton,1999-03-12,1999-03-14,62,35,3,1993-01-20,2242
Clinton,1999-03-05,1999-03-07,68,28,4,1993-01-20,2235
Clinton,1999-02-26,1999-02-28,66,31,3,1993-01-20,2228
Clinton,1999-02-19,1999-02-21,66,30,4,1993-01-20,2221
Clinton,1999-02-12,1999-02-13,68,30,2,1993-01-20,2214
Clinton,1999-02-04,1999-02-08,65,33,2,1993-01-20,2206
Clinton,1999-01-22,1999-01-24,69,29,2,1993-01-20,2193
Clinton,1999-01-15,1999-01-17,69,29,2,1993-01-20,2186
Clinton,1999-01-08,1999-01-10,67,30,3,1993-01-20,2179
Clinton,1998-12-19,1998-12-20,73,25,2,1993-01-20,2159
Clinton,1998-12-15,1998-12-16,63,33,4,1993-01-20,2155
Clinton,1998-12-12,1998-12-13,64,34,2,1993-01-20,2152
Clinton,1998-12-04,1998-12-06,66,30,4,1993-01-20,2144
Clinton,1998-11-20,1998-11-22,66,30,4,1993-01-20,2130
Clinton,1998-11-13,1998-11-15,66,31,3,1993-01-20,2123
Clinton,1998-10-29,1998-11-01,66,30,4,1993-01-20,2108
Clinton,1998-10-23,1998-10-25,65,32,3,1993-01-20,2102
Clinton,1998-10-09,1998-10-12,65,32,3,1993-01-20,2088
Clinton,1998-10-06,1998-10-07,63,34,3,1993-01-20,2085
Clinton,1998-09-23,1998-09-24,66,31,3,1993-01-20,2072
Clinton,1998-09-14,1998-09-15,63,35,2,1993-01-20,2063
Clinton,1998-09-11,1998-09-12,63,34,3,1993-01-20,2060
Clinton,1998-08-21,1998-08-23,62,35,3,1993-01-20,2039
Clinton,1998-08-10,1998-08-12,65,30,5,1993-01-20,2028
Clinton,1998-08-07,1998-08-08,64,32,4,1993-01-20,2025
Clinton,1998-07-13,1998-07-14,63,31,6,1993-01-20,2000
Clinton,1998-07-07,1998-07-08,61,34,5,1993-01-20,1994
Clinton,1998-06-22,1998-06-23,60,34,6,1993-01-20,1979
Clinton,1998-06-05,1998-06-07,60,34,6,1993-01-20,1962
Clinton,1998-05-08,1998-05-10,64,31,5,1993-01-20,1934
Clinton,1998-04-17,1998-04-19,63,31,6,1993-01-20,1913
Clinton,1998-03-20,1998-03-22,66,28,6,1993-01-20,1885
Clinton,1998-03-06,1998-03-09,63,31,6,1993-01-20,1871
Clinton,1998-02-20,1998-02-22,66,29,5,1993-01-20,1857
Clinton,1998-02-13,1998-02-15,66,30,4,1993-01-20,1850
Clinton,1998-01-30,1998-02-01,69,28,3,1993-01-20,1836
Clinton,1998-01-25,1998-01-26,59,37,4,1993-01-20,1831
Clinton,1998-01-23,1998-01-24,58,36,6,1993-01-20,1829
Clinton,1998-01-16,1998-01-18,60,30,10,1993-01-20,1822
Clinton,1998-01-06,1998-01-07,59,32,9,1993-01-20,1812
Clinton,1997-12-18,1997-12-21,56,36,8,1993-01-20,1793
Clinton,1997-11-21,1997-11-23,61,30,9,1993-01-20,1766
Clinton,1997-11-06,1997-11-09,59,31,10,1993-01-20,1751
Clinton,1997-10-27,1997-10-29,59,32,9,1993-01-20,1741
Clinton,1997-10-03,1997-10-05,55,36,9,1993-01-20,1717
Clinton,1997-09-25,1997-09-28,58,33,9,1993-01-20,1709
Clinton,1997-09-06,1997-09-07,61,28,11,1993-01-20,1690
Clinton,1997-08-22,1997-08-25,60,34,6,1993-01-20,1675
Clinton,1997-08-12,1997-08-13,61,32,7,1993-01-20,1665
Clinton,1997-07-25,1997-07-27,58,34,8,1993-01-20,1647
Clinton,1997-06-26,1997-06-29,55,36,9,1993-01-20,1618
Clinton,1997-05-30,1997-06-01,57,35,8,1993-01-20,1591
Clinton,1997-05-06,1997-05-07,57,35,8,1993-01-20,1567
Clinton,1997-04-18,1997-04-20,54,37,9,1993-01-20,1549
Clinton,1997-03-24,1997-03-26,59,35,6,1993-01-20,1524
Clinton,1997-02-24,1997-02-26,57,33,10,1993-01-20,1496
Clinton,1997-01-30,1997-02-02,60,31,9,1993-01-20,1471
Clinton,1997-01-10,1997-01-13,62,31,7,1993-01-20,1451
Clinton,1997-01-03,1997-01-05,58,35,7,1993-01-20,1444
Clinton,1996-12-09,1996-12-11,58,34,8,1993-01-20,1419
Clinton,1996-11-21,1996-11-24,58,35,7,1993-01-20,1401
Clinton,1996-10-26,1996-10-29,54,36,10,1993-01-20,1375
Clinton,1996-10-02,1996-10-03,57,36,7,1993-01-20,1351
Clinton,1996-10-01,1996-10-02,58,34,8,1993-01-20,1350
Clinton,1996-09-07,1996-09-09,60,31,9,1993-01-20,1326
Clinton,1996-08-30,1996-09-01,60,33,7,1993-01-20,1318
Clinton,1996-08-23,1996-08-25,53,39,8,1993-01-20,1311
Clinton,1996-08-16,1996-08-18,52,39,9,1993-01-20,1304
Clinton,1996-08-05,1996-08-07,57,36,7,1993-01-20,1293
Clinton,1996-07-25,1996-07-28,58,35,7,1993-01-20,1282
Clinton,1996-07-18,1996-07-21,57,35,8,1993-01-20,1275
Clinton,1996-06-27,1996-06-30,52,42,6,1993-01-20,1254
Clinton,1996-06-18,1996-06-19,58,37,5,1993-01-20,1245
Clinton,1996-05-28,1996-05-29,53,38,9,1993-01-20,1224
Clinton,1996-05-09,1996-05-12,55,39,6,1993-01-20,1205
Clinton,1996-04-25,1996-04-28,56,37,7,1993-01-20,1191
Clinton,1996-04-09,1996-04-10,54,40,6,1993-01-20,1175
Clinton,1996-03-15,1996-03-17,52,39,9,1993-01-20,1150
Clinton,1996-03-08,1996-03-10,54,37,9,1993-01-20,1143
Clinton,1996-02-23,1996-02-25,53,40,7,1993-01-20,1129
Clinton,1996-01-26,1996-01-29,52,42,6,1993-01-20,1101
Clinton,1996-01-12,1996-01-15,46,47,7,1993-01-20,1087
Clinton,1996-01-05,1996-01-07,42,49,9,1993-01-20,1080
Clinton,1995-12-15,1995-12-18,51,44,5,1993-01-20,1059
Clinton,1995-11-17,1995-11-18,53,38,9,1993-01-20,1031
Clinton,1995-11-06,1995-11-08,52,41,7,1993-01-20,1020
Clinton,1995-10-19,1995-10-22,49,40,11,1993-01-20,1002
Clinton,1995-10-05,1995-10-07,46,42,12,1993-01-20,988
Clinton,1995-09-22,1995-09-24,48,44,8,1993-01-20,975
Clinton,1995-09-14,1995-09-17,44,44,12,1993-01-20,967
Clinton,1995-08-28,1995-08-30,46,43,11,1993-01-20,950
Clinton,1995-08-11,1995-08-14,46,44,10,1993-01-20,933
Clinton,1995-08-04,1995-08-07,46,42,12,1993-01-20,926
Clinton,1995-07-20,1995-07-23,46,44,10,1993-01-20,911
Clinton,1995-07-07,1995-07-09,48,42,10,1993-01-20,898
Clinton,1995-06-05,1995-06-06,47,42,11,1993-01-20,866
Clinton,1995-05-11,1995-05-14,51,42,7,1993-01-20,841
Clinton,1995-04-21,1995-04-24,51,39,10,1993-01-20,821
Clinton,1995-04-17,1995-04-19,46,45,9,1993-01-20,817
Clinton,1995-04-05,1995-04-06,47,45,8,1993-01-20,805
Clinton,1995-03-27,1995-03-29,44,47,9,1993-01-20,796
Clinton,1995-03-17,1995-03-19,46,45,9,1993-01-20,786
Clinton,1995-02-24,1995-02-26,42,48,10,1993-01-20,765
Clinton,1995-02-03,1995-02-05,49,44,7,1993-01-20,744
Clinton,1995-01-16,1995-01-18,47,45,8,1993-01-20,726
Clinton,1994-12-28,1994-12-30,40,52,8,1993-01-20,707
Clinton,1994-12-16,1994-12-18,42,53,5,1993-01-20,695
Clinton,1994-12-02,1994-12-05,42,50,8,1993-01-20,681
Clinton,1994-11-28,1994-11-29,43,49,8,1993-01-20,677
Clinton,1994-11-02,1994-11-06,46,46,8,1993-01-20,651
Clinton,1994-10-22,1994-10-25,48,46,6,1993-01-20,640
Clinton,1994-10-18,1994-10-19,41,52,7,1993-01-20,636
Clinton,1994-10-07,1994-10-09,42,52,6,1993-01-20,625
Clinton,1994-09-23,1994-09-25,43,51,6,1993-01-20,611
Clinton,1994-09-16,1994-09-18,42,50,8,1993-01-20,604
Clinton,1994-09-06,1994-09-07,39,54,7,1993-01-20,594
Clinton,1994-08-15,1994-08-16,39,52,9,1993-01-20,572
Clinton,1994-08-08,1994-08-09,43,48,9,1993-01-20,565
Clinton,1994-07-15,1994-07-17,42,49,9,1993-01-20,541
Clinton,1994-07-01,1994-07-03,43,48,9,1993-01-20,527
Clinton,1994-06-25,1994-06-28,44,47,9,1993-01-20,521
Clinton,1994-06-11,1994-06-12,49,44,7,1993-01-20,507
Clinton,1994-06-03,1994-06-06,46,47,7,1993-01-20,499
Clinton,1994-05-20,1994-05-22,51,42,7,1993-01-20,485
Clinton,1994-04-22,1994-04-24,48,44,8,1993-01-20,457
Clinton,1994-04-16,1994-04-18,51,41,8,1993-01-20,451
Clinton,1994-03-28,1994-03-30,51,42,7,1993-01-20,432
Clinton,1994-03-25,1994-03-27,52,41,7,1993-01-20,429
Clinton,1994-03-11,1994-03-13,50,41,9,1993-01-20,415
Clinton,1994-03-07,1994-03-08,50,42,8,1993-01-20,411
Clinton,1994-02-26,1994-02-28,53,41,6,1993-01-20,402
Clinton,1994-01-28,1994-01-30,58,35,7,1993-01-20,373
Clinton,1994-01-15,1994-01-17,54,38,8,1993-01-20,360
Clinton,1994-01-06,1994-01-08,54,38,8,1993-01-20,351
Clinton,1993-12-17,1993-12-19,54,40,6,1993-01-20,331
Clinton,1993-12-04,1993-12-06,52,38,10,1993-01-20,318
Clinton,1993-11-19,1993-11-21,48,43,9,1993-01-20,303
Clinton,1993-11-15,1993-11-16,50,43,7,1993-01-20,299
Clinton,1993-11-02,1993-11-04,48,45,7,1993-01-20,286
Clinton,1993-10-28,1993-10-30,48,45,7,1993-01-20,281
Clinton,1993-10-13,1993-10-18,47,44,9,1993-01-20,266
Clinton,1993-10-08,1993-10-10,50,42,8,1993-01-20,261
Clinton,1993-09-24,1993-09-26,56,36,8,1993-01-20,247
Clinton,1993-09-13,1993-09-15,46,43,11,1993-01-20,236
Clinton,1993-09-10,1993-09-12,47,42,11,1993-01-20,233
Clinton,1993-08-23,1993-08-25,44,47,9,1993-01-20,215
Clinton,1993-08-08,1993-08-10,44,48,8,1993-01-20,200
Clinton,1993-07-19,1993-07-21,41,49,10,1993-01-20,180
Clinton,1993-07-09,1993-07-11,45,48,7,1993-01-20,170
Clinton,1993-06-29,1993-06-30,46,47,7,1993-01-20,160
Clinton,1993-06-18,1993-06-21,39,50,11,1993-01-20,149
Clinton,1993-06-05,1993-06-06,37,49,14,1993-01-20,136
Clinton,1993-05-21,1993-05-23,44,46,10,1993-01-20,121
Clinton,1993-05-10,1993-05-12,45,44,11,1993-01-20,110
Clinton,1993-04-22,1993-04-24,55,37,8,1993-01-20,92
Clinton,1993-03-29,1993-03-31,52,37,11,1993-01-20,68
Clinton,1993-03-12,1993-03-14,53,34,13,1993-01-20,51
Clinton,1993-02-26,1993-02-28,59,29,12,1993-01-20,37
Clinton,1993-02-12,1993-02-14,51,34,15,1993-01-20,23
Clinton,1993-01-29,1993-01-31,54,30,16,1993-01-20,9
Clinton,1993-01-24,1993-01-26,58,20,22,1993-01-20,4
Bush1,1993-01-08,1993-01-11,56,37,7,1989-01-20,1449
Bush1,1992-12-18,1992-12-20,49,41,10,1989-01-20,1428
Bush1,1992-12-04,1992-12-06,49,47,4,1989-01-20,1414
Bush1,1992-11-20,1992-11-22,43,46,11,1989-01-20,1400
Bush1,1992-10-13,1992-10-15,34,56,10,1989-01-20,1362
Bush1,1992-10-01,1992-10-03,33,58,9,1989-01-20,1350
Bush1,1992-09-17,1992-09-20,36,54,10,1989-01-20,1336
Bush1,1992-09-11,1992-09-15,39,55,6,1989-01-20,1330
Bush1,1992-08-31,1992-09-02,39,54,7,1989-01-20,1319
Bush1,1992-08-21,1992-08-22,40,54,6,1989-01-20,1309
Bush1,1992-08-10,1992-08-12,35,58,7,1989-01-20,1298
Bush1,1992-07-31,1992-08-02,29,60,11,1989-01-20,1288
Bush1,1992-07-24,1992-07-26,32,59,9,1989-01-20,1281
Bush1,1992-06-26,1992-06-30,38,55,7,1989-01-20,1253
Bush1,1992-06-12,1992-06-14,37,55,8,1989-01-20,1239
Bush1,1992-06-04,1992-06-07,37,56,7,1989-01-20,1231
Bush1,1992-05-18,1992-05-20,41,52,7,1989-01-20,1214
Bush1,1992-05-07,1992-05-10,40,53,7,1989-01-20,1203
Bush1,1992-04-20,1992-04-22,42,48,10,1989-01-20,1186
Bush1,1992-04-09,1992-04-12,39,54,7,1989-01-20,1175
Bush1,1992-03-26,1992-03-29,42,51,7,1989-01-20,1161
Bush1,1992-03-20,1992-03-22,41,49,10,1989-01-20,1155
Bush1,1992-03-11,1992-03-12,41,47,12,1989-01-20,1146
Bush1,1992-02-28,1992-03-01,41,53,6,1989-01-20,1134
Bush1,1992-02-19,1992-02-20,39,47,14,1989-01-20,1125
Bush1,1992-02-06,1992-02-09,44,48,8,1989-01-20,1112
Bush1,1992-01-31,1992-02-02,47,48,5,1989-01-20,1106
Bush1,1992-01-16,1992-01-19,46,48,6,1989-01-20,1091
Bush1,1992-01-03,1992-01-06,46,47,7,1989-01-20,1078
Bush1,1991-12-12,1991-12-15,50,41,9,1989-01-20,1056
Bush1,1991-12-05,1991-12-08,52,42,6,1989-01-20,1049
Bush1,1991-11-21,1991-11-24,52,39,9,1989-01-20,1035
Bush1,1991-11-14,1991-11-17,56,36,8,1989-01-20,1028
Bush1,1991-11-07,1991-11-10,56,36,8,1989-01-20,1021
Bush1,1991-10-31,1991-11-03,59,33,8,1989-01-20,1014
Bush1,1991-10-24,1991-10-27,62,29,9,1989-01-20,1007
Bush1,1991-10-17,1991-10-20,66,26,8,1989-01-20,1000
Bush1,1991-10-10,1991-10-13,66,28,6,1989-01-20,993
Bush1,1991-10-03,1991-10-06,65,27,8,1989-01-20,986
Bush1,1991-09-26,1991-09-29,66,25,9,1989-01-20,979
Bush1,1991-09-13,1991-09-15,68,22,10,1989-01-20,966
Bush1,1991-09-05,1991-09-08,70,21,9,1989-01-20,958
Bush1,1991-08-29,1991-09-03,69,22,9,1989-01-20,951
Bush1,1991-08-23,1991-08-25,74,19,7,1989-01-20,945
Bush1,1991-08-08,1991-08-11,71,22,7,1989-01-20,930
Bush1,1991-07-25,1991-07-28,71,21,8,1989-01-20,916
Bush1,1991-07-18,1991-07-21,70,21,9,1989-01-20,909
Bush1,1991-07-11,1991-07-14,72,21,7,1989-01-20,902
Bush1,1991-06-27,1991-06-30,72,23,5,1989-01-20,888
Bush1,1991-06-13,1991-06-16,71,19,10,1989-01-20,874
Bush1,1991-05-30,1991-06-02,74,17,9,1989-01-20,860
Bush1,1991-05-23,1991-05-26,76,16,8,1989-01-20,853
Bush1,1991-05-16,1991-05-19,77,15,8,1989-01-20,846
Bush1,1991-05-02,1991-05-05,74,19,7,1989-01-20,832
Bush1,1991-04-25,1991-04-28,76,15,9,1989-01-20,825
Bush1,1991-04-11,1991-04-14,77,13,10,1989-01-20,811
Bush1,1991-04-04,1991-04-06,83,12,5,1989-01-20,804
Bush1,1991-03-28,1991-03-30,82,11,7,1989-01-20,797
Bush1,1991-03-21,1991-03-24,84,10,6,1989-01-20,790
Bush1,1991-03-14,1991-03-17,86,9,5,1989-01-20,783
Bush1,1991-03-07,1991-03-10,87,8,5,1989-01-20,776
Bush1,1991-02-28,1991-03-03,89,8,3,1989-01-20,769
Bush1,1991-02-21,1991-02-24,80,13,7,1989-01-20,762
Bush1,1991-02-14,1991-02-17,80,14,6,1989-01-20,755
Bush1,1991-02-07,1991-02-10,79,18,3,1989-01-20,748
Bush1,1991-01-30,1991-02-02,82,15,3,1989-01-20,740
Bush1,1991-01-23,1991-01-26,83,13,4,1989-01-20,733
Bush1,1991-01-19,1991-01-22,80,14,6,1989-01-20,729
Bush1,1991-01-17,1991-01-20,82,12,6,1989-01-20,727
Bush1,1991-01-11,1991-01-13,64,25,11,1989-01-20,721
Bush1,1991-01-03,1991-01-06,58,31,11,1989-01-20,713
Bush1,1990-12-13,1990-12-16,63,30,7,1989-01-20,692
Bush1,1990-12-06,1990-12-09,58,33,9,1989-01-20,685
Bush1,1990-11-29,1990-12-02,61,29,10,1989-01-20,678
Bush1,1990-11-15,1990-11-18,54,33,13,1989-01-20,664
Bush1,1990-11-08,1990-11-11,58,34,8,1989-01-20,657
Bush1,1990-11-01,1990-11-04,58,32,10,1989-01-20,650
Bush1,1990-10-25,1990-10-28,54,36,10,1989-01-20,643
Bush1,1990-10-18,1990-10-21,53,37,10,1989-01-20,636
Bush1,1990-10-11,1990-10-14,56,33,11,1989-01-20,629
Bush1,1990-10-03,1990-10-04,66,25,9,1989-01-20,621
Bush1,1990-09-27,1990-09-30,67,20,13,1989-01-20,615
Bush1,1990-09-14,1990-09-16,73,17,10,1989-01-20,602
Bush1,1990-09-10,1990-09-11,76,16,8,1989-01-20,598
Bush1,1990-08-30,1990-09-02,74,17,9,1989-01-20,587
Bush1,1990-08-23,1990-08-26,76,16,8,1989-01-20,580
Bush1,1990-08-16,1990-08-19,75,16,9,1989-01-20,573
Bush1,1990-08-09,1990-08-12,74,16,10,1989-01-20,566
Bush1,1990-07-19,1990-07-22,60,25,15,1989-01-20,545
Bush1,1990-07-06,1990-07-08,63,24,13,1989-01-20,532
Bush1,1990-06-15,1990-06-17,69,17,14,1989-01-20,511
Bush1,1990-06-07,1990-06-10,67,18,15,1989-01-20,503
Bush1,1990-05-17,1990-05-20,65,20,15,1989-01-20,482
Bush1,1990-04-19,1990-04-22,67,17,16,1989-01-20,454
Bush1,1990-04-05,1990-04-08,68,16,16,1989-01-20,440
Bush1,1990-03-15,1990-03-18,74,15,11,1989-01-20,419
Bush1,1990-03-08,1990-03-11,68,18,14,1989-01-20,412
Bush1,1990-02-15,1990-02-18,73,16,11,1989-01-20,391
Bush1,1990-02-08,1990-02-11,73,16,11,1989-01-20,384
Bush1,1990-01-04,1990-01-07,80,11,9,1989-01-20,349
Bush1,1989-12-07,1989-12-10,71,20,9,1989-01-20,321
Bush1,1989-11-02,1989-11-05,70,17,13,1989-01-20,286
Bush1,1989-10-05,1989-10-08,68,20,12,1989-01-20,258
Bush1,1989-09-07,1989-09-10,70,17,13,1989-01-20,230
Bush1,1989-08-10,1989-08-13,69,19,12,1989-01-20,202
Bush1,1989-07-06,1989-07-09,66,19,15,1989-01-20,167
Bush1,1989-06-08,1989-06-11,70,14,16,1989-01-20,139
Bush1,1989-05-15,1989-05-18,63,18,19,1989-01-20,115
Bush1,1989-05-04,1989-05-07,56,22,22,1989-01-20,104
Bush1,1989-04-10,1989-04-16,58,16,26,1989-01-20,80
Bush1,1989-03-10,1989-03-13,56,16,28,1989-01-20,49
Bush1,1989-02-28,1989-03-02,63,13,24,1989-01-20,39
Bush1,1989-01-24,1989-01-26,51,6,43,1989-01-20,4
Reagan,1988-12-27,1988-12-29,63,29,8,1981-01-20,2898
Reagan,1988-11-11,1988-11-14,57,35,8,1981-01-20,2852
Reagan,1988-10-21,1988-10-24,51,38,11,1981-01-20,2831
Reagan,1988-09-25,1988-10-01,54,37,9,1981-01-20,2805
Reagan,1988-08-19,1988-08-22,53,37,10,1981-01-20,2768
Reagan,1988-07-15,1988-07-18,54,36,10,1981-01-20,2733
Reagan,1988-07-01,1988-07-07,51,35,14,1981-01-20,2719
Reagan,1988-06-24,1988-06-27,48,40,12,1981-01-20,2712
Reagan,1988-06-10,1988-06-13,51,39,10,1981-01-20,2698
Reagan,1988-05-13,1988-05-22,48,43,9,1981-01-20,2670
Reagan,1988-05-02,1988-05-08,50,38,12,1981-01-20,2659
Reagan,1988-04-08,1988-04-11,50,39,11,1981-01-20,2635
Reagan,1988-03-08,1988-03-12,51,37,12,1981-01-20,2604
Reagan,1988-03-04,1988-03-06,50,42,8,1981-01-20,2600
Reagan,1988-01-22,1988-01-25,49,40,11,1981-01-20,2558
Reagan,1987-12-04,1987-12-07,49,41,10,1981-01-20,2509
Reagan,1987-10-23,1987-10-26,51,41,8,1981-01-20,2467
Reagan,1987-08-24,1987-09-02,49,42,9,1981-01-20,2407
Reagan,1987-08-07,1987-08-10,45,41,14,1981-01-20,2390
Reagan,1987-07-10,1987-07-13,49,43,8,1981-01-20,2362
Reagan,1987-06-08,1987-06-14,53,40,7,1981-01-20,2330
Reagan,1987-06-05,1987-06-08,47,44,9,1981-01-20,2327
Reagan,1987-04-10,1987-04-13,48,43,9,1981-01-20,2271
Reagan,1987-03-14,1987-03-18,47,44,9,1981-01-20,2244
Reagan,1987-03-06,1987-03-09,43,46,11,1981-01-20,2236
Reagan,1987-01-16,1987-01-19,48,43,9,1981-01-20,2187
Reagan,1986-12-05,1986-12-08,48,43,9,1981-01-20,2145
Reagan,1986-12-04,1986-12-05,47,44,9,1981-01-20,2144
Reagan,1986-10-24,1986-10-27,63,29,8,1981-01-20,2103
Reagan,1986-09-13,1986-09-17,63,26,11,1981-01-20,2062
Reagan,1986-09-12,1986-09-15,61,25,14,1981-01-20,2061
Reagan,1986-08-08,1986-08-11,61,27,12,1981-01-20,2026
Reagan,1986-07-11,1986-07-14,63,28,9,1981-01-20,1998
Reagan,1986-06-09,1986-06-16,64,26,10,1981-01-20,1966
Reagan,1986-06-06,1986-06-09,61,29,10,1981-01-20,1963
Reagan,1986-05-16,1986-05-19,68,23,9,1981-01-20,1942
Reagan,1986-04-11,1986-04-14,62,29,9,1981-01-20,1907
Reagan,1986-03-04,1986-03-10,63,26,11,1981-01-20,1869
Reagan,1986-01-10,1986-01-13,64,27,9,1981-01-20,1816
Reagan,1985-12-06,1985-12-09,63,29,8,1981-01-20,1781
Reagan,1985-11-11,1985-11-18,65,24,11,1981-01-20,1756
Reagan,1985-11-01,1985-11-04,62,28,10,1981-01-20,1746
Reagan,1985-10-11,1985-10-14,63,29,8,1981-01-20,1725
Reagan,1985-09-13,1985-09-16,60,30,10,1981-01-20,1697
Reagan,1985-08-16,1985-08-19,57,32,11,1981-01-20,1669
Reagan,1985-08-13,1985-08-15,65,26,9,1981-01-20,1666
Reagan,1985-07-12,1985-07-15,63,28,9,1981-01-20,1634
Reagan,1985-06-07,1985-06-10,58,32,10,1981-01-20,1599
Reagan,1985-05-17,1985-05-20,55,37,8,1981-01-20,1578
Reagan,1985-04-12,1985-04-15,52,37,11,1981-01-20,1543
Reagan,1985-03-08,1985-03-11,56,37,7,1981-01-20,1508
Reagan,1985-02-15,1985-02-18,60,31,9,1981-01-20,1487
Reagan,1985-01-25,1985-01-28,64,28,8,1981-01-20,1466
Reagan,1985-01-11,1985-01-14,62,29,9,1981-01-20,1452
Reagan,1984-12-07,1984-12-10,59,32,9,1981-01-20,1417
Reagan,1984-11-30,1984-12-03,62,30,8,1981-01-20,1410
Reagan,1984-11-09,1984-11-12,61,31,8,1981-01-20,1389
Reagan,1984-10-26,1984-10-29,58,33,9,1981-01-20,1375
Reagan,1984-09-28,1984-10-01,54,35,11,1981-01-20,1347
Reagan,1984-09-21,1984-09-24,57,36,7,1981-01-20,1340
Reagan,1984-09-07,1984-09-10,57,36,7,1981-01-20,1326
Reagan,1984-08-10,1984-08-13,54,38,8,1981-01-20,1298
Reagan,1984-07-27,1984-07-30,52,37,11,1981-01-20,1284
Reagan,1984-07-13,1984-07-16,55,35,10,1981-01-20,1270
Reagan,1984-07-06,1984-07-09,54,35,11,1981-01-20,1263
Reagan,1984-06-29,1984-07-02,53,37,10,1981-01-20,1256
Reagan,1984-06-22,1984-06-25,54,36,10,1981-01-20,1249
Reagan,1984-06-06,1984-06-08,55,33,12,1981-01-20,1233
Reagan,1984-05-18,1984-05-21,54,38,8,1981-01-20,1214
Reagan,1984-05-03,1984-05-05,52,37,11,1981-01-20,1199
Reagan,1984-04-06,1984-04-09,54,36,10,1981-01-20,1172
Reagan,1984-03-16,1984-03-19,54,39,7,1981-01-20,1151
Reagan,1984-02-10,1984-02-13,55,36,9,1981-01-20,1116
Reagan,1984-01-27,1984-01-30,55,37,8,1981-01-20,1102
Reagan,1984-01-13,1984-01-16,52,38,10,1981-01-20,1088
Reagan,1983-12-09,1983-12-12,54,38,8,1981-01-20,1053
Reagan,1983-11-18,1983-11-21,53,37,10,1981-01-20,1032
Reagan,1983-10-21,1983-10-24,49,41,10,1981-01-20,1004
Reagan,1983-10-07,1983-10-10,45,44,11,1981-01-20,990
Reagan,1983-09-16,1983-09-19,47,43,10,1981-01-20,969
Reagan,1983-09-09,1983-09-12,47,42,11,1981-01-20,962
Reagan,1983-08-19,1983-08-22,43,46,11,1981-01-20,941
Reagan,1983-08-12,1983-08-15,43,45,12,1981-01-20,934
Reagan,1983-08-05,1983-08-08,44,46,10,1981-01-20,927
Reagan,1983-07-29,1983-08-01,44,42,14,1981-01-20,920
Reagan,1983-07-22,1983-07-25,42,47,11,1981-01-20,913
Reagan,1983-06-24,1983-06-27,47,44,9,1981-01-20,885
Reagan,1983-06-10,1983-06-13,43,45,12,1981-01-20,871
Reagan,1983-05-20,1983-05-23,46,43,11,1981-01-20,850
Reagan,1983-05-13,1983-05-16,43,45,12,1981-01-20,843
Reagan,1983-04-29,1983-05-02,43,46,11,1981-01-20,829
Reagan,1983-04-15,1983-04-18,41,49,10,1981-01-20,815
Reagan,1983-03-11,1983-03-14,41,49,10,1981-01-20,780
Reagan,1983-02-25,1983-02-28,40,50,10,1981-01-20,766
Reagan,1983-01-28,1983-01-31,35,56,9,1981-01-20,738
Reagan,1983-01-21,1983-01-24,37,53,10,1981-01-20,731
Reagan,1983-01-14,1983-01-17,37,54,9,1981-01-20,724
Reagan,1982-12-10,1982-12-13,41,50,9,1981-01-20,689
Reagan,1982-11-19,1982-11-22,43,47,10,1981-01-20,668
Reagan,1982-11-05,1982-11-08,43,47,10,1981-01-20,654
Reagan,1982-10-15,1982-10-18,42,48,10,1981-01-20,633
Reagan,1982-09-17,1982-09-20,42,48,10,1981-01-20,605
Reagan,1982-08-27,1982-08-30,42,46,12,1981-01-20,584
Reagan,1982-08-13,1982-08-16,41,49,10,1981-01-20,570
Reagan,1982-07-30,1982-08-02,41,47,12,1981-01-20,556
Reagan,1982-07-23,1982-07-26,42,46,12,1981-01-20,549
Reagan,1982-06-25,1982-06-28,44,46,10,1981-01-20,521
Reagan,1982-06-11,1982-06-14,45,45,10,1981-01-20,507
Reagan,1982-05-14,1982-05-17,45,44,11,1981-01-20,479
Reagan,1982-04-30,1982-05-03,44,46,10,1981-01-20,465
Reagan,1982-04-23,1982-04-26,43,47,10,1981-01-20,458
Reagan,1982-04-02,1982-04-05,45,46,9,1981-01-20,437
Reagan,1982-03-12,1982-03-15,46,45,9,1981-01-20,416
Reagan,1982-02-05,1982-02-08,47,43,10,1981-01-20,381
Reagan,1982-01-22,1982-01-25,47,42,11,1981-01-20,367
Reagan,1982-01-08,1982-01-11,49,40,11,1981-01-20,353
Reagan,1981-12-11,1981-12-14,49,41,10,1981-01-20,325
Reagan,1981-11-20,1981-11-23,54,37,9,1981-01-20,304
Reagan,1981-11-13,1981-11-16,49,40,11,1981-01-20,297
Reagan,1981-10-30,1981-11-02,53,35,12,1981-01-20,283
Reagan,1981-10-02,1981-10-05,56,35,9,1981-01-20,255
Reagan,1981-09-18,1981-09-21,52,37,11,1981-01-20,241
Reagan,1981-08-14,1981-08-17,60,29,11,1981-01-20,206
Reagan,1981-07-31,1981-08-03,60,28,12,1981-01-20,192
Reagan,1981-07-24,1981-07-27,56,30,14,1981-01-20,185
Reagan,1981-07-17,1981-07-20,60,29,11,1981-01-20,178
Reagan,1981-06-26,1981-06-29,58,30,12,1981-01-20,157
Reagan,1981-06-19,1981-06-22,59,29,12,1981-01-20,150
Reagan,1981-06-05,1981-06-08,59,28,13,1981-01-20,136
Reagan,1981-05-08,1981-05-11,68,21,11,1981-01-20,108
Reagan,1981-04-10,1981-04-13,67,19,14,1981-01-20,80
Reagan,1981-04-03,1981-04-06,67,18,15,1981-01-20,73
Reagan,1981-03-13,1981-03-16,60,24,16,1981-01-20,52
Reagan,1981-02-13,1981-02-16,55,18,27,1981-01-20,24
Reagan,1981-01-30,1981-02-02,51,13,36,1981-01-20,10
Carter,1980-12-05,1980-12-08,34,55,11,1977-01-20,1415
Carter,1980-11-21,1980-11-24,31,56,13,1977-01-20,1401
Carter,1980-09-12,1980-09-15,37,55,8,1977-01-20,1331
Carter,1980-08-15,1980-08-18,32,55,13,1977-01-20,1303
Carter,1980-07-11,1980-07-14,33,55,12,1977-01-20,1268
Carter,1980-06-27,1980-06-30,31,58,11,1977-01-20,1254
Carter,1980-06-13,1980-06-16,32,56,12,1977-01-20,1240
Carter,1980-05-30,1980-06-02,38,52,10,1977-01-20,1226
Carter,1980-05-16,1980-05-19,38,51,11,1977-01-20,1212
Carter,1980-05-02,1980-05-05,43,47,10,1977-01-20,1198
Carter,1980-04-11,1980-04-14,39,50,11,1977-01-20,1177
Carter,1980-03-27,1980-03-30,39,51,10,1977-01-20,1162
Carter,1980-03-07,1980-03-10,43,45,12,1977-01-20,1142
Carter,1980-02-29,1980-03-03,52,38,10,1977-01-20,1135
Carter,1980-02-01,1980-02-04,55,36,9,1977-01-20,1107
Carter,1980-01-25,1980-01-28,58,32,10,1977-01-20,1100
Carter,1980-01-05,1980-01-08,56,33,11,1977-01-20,1080
Carter,1979-12-07,1979-12-10,54,35,11,1977-01-20,1051
Carter,1979-11-30,1979-12-03,51,37,12,1977-01-20,1044
Carter,1979-11-16,1979-11-19,38,49,13,1977-01-20,1030
Carter,1979-11-02,1979-11-05,32,55,13,1977-01-20,1016
Carter,1979-10-12,1979-10-15,31,55,14,1977-01-20,995
Carter,1979-10-05,1979-10-08,29,58,13,1977-01-20,988
Carter,1979-09-28,1979-10-01,33,54,13,1977-01-20,981
Carter,1979-09-07,1979-09-10,30,55,15,1977-01-20,960
Carter,1979-08-17,1979-08-20,32,54,14,1977-01-20,939
Carter,1979-08-10,1979-08-13,33,55,12,1977-01-20,932
Carter,1979-08-03,1979-08-06,32,53,15,1977-01-20,925
Carter,1979-07-13,1979-07-16,29,58,13,1977-01-20,904
Carter,1979-06-29,1979-07-02,28,59,13,1977-01-20,890
Carter,1979-06-22,1979-06-25,29,57,14,1977-01-20,883
Carter,1979-06-01,1979-06-04,29,56,15,1977-01-20,862
Carter,1979-05-18,1979-05-21,32,53,15,1977-01-20,848
Carter,1979-05-04,1979-05-07,37,49,14,1977-01-20,834
Carter,1979-04-06,1979-04-09,40,46,14,1977-01-20,806
Carter,1979-03-23,1979-03-31,42,44,14,1977-01-20,792
Carter,1979-03-16,1979-03-19,47,39,14,1977-01-20,785
Carter,1979-03-02,1979-03-05,39,48,13,1977-01-20,771
Carter,1979-02-23,1979-02-26,37,46,17,1977-01-20,764
Carter,1979-02-02,1979-02-05,42,42,16,1977-01-20,743
Carter,1979-01-19,1979-01-22,43,41,16,1977-01-20,729
Carter,1979-01-05,1979-01-08,50,36,14,1977-01-20,715
Carter,1978-12-08,1978-12-11,51,34,15,1977-01-20,687
Carter,1978-12-01,1978-12-04,50,34,16,1977-01-20,680
Carter,1978-11-10,1978-11-13,52,36,12,1977-01-20,659
Carter,1978-10-27,1978-10-30,49,36,15,1977-01-20,645
Carter,1978-09-22,1978-09-25,48,34,18,1977-01-20,610
Carter,1978-09-15,1978-09-18,45,40,15,1977-01-20,603
Carter,1978-09-08,1978-09-11,42,42,16,1977-01-20,596
Carter,1978-08-18,1978-08-21,43,41,16,1977-01-20,575
Carter,1978-08-11,1978-08-14,40,43,17,1977-01-20,568
Carter,1978-08-04,1978-08-07,39,44,17,1977-01-20,561
Carter,1978-07-21,1978-07-24,39,44,17,1977-01-20,547
Carter,1978-07-08,1978-07-10,40,41,19,1977-01-20,534
Carter,1978-06-16,1978-06-19,42,42,16,1977-01-20,512
Carter,1978-06-02,1978-06-05,44,41,15,1977-01-20,498
Carter,1978-05-19,1978-05-22,43,43,14,1977-01-20,484
Carter,1978-05-05,1978-05-08,41,43,16,1977-01-20,470
Carter,1978-04-28,1978-05-01,41,42,17,1977-01-20,463
Carter,1978-04-14,1978-04-17,40,44,16,1977-01-20,449
Carter,1978-03-31,1978-04-03,48,39,13,1977-01-20,435
Carter,1978-03-10,1978-03-13,50,35,15,1977-01-20,414
Carter,1978-03-02,1978-03-05,49,33,18,1977-01-20,406
Carter,1978-02-24,1978-02-27,50,33,17,1977-01-20,400
Carter,1978-02-11,1978-02-14,47,34,19,1977-01-20,387
Carter,1978-01-20,1978-01-23,52,28,20,1977-01-20,365
Carter,1978-01-06,1978-01-09,55,27,18,1977-01-20,351
Carter,1977-12-09,1977-12-12,57,27,16,1977-01-20,323
Carter,1977-11-18,1977-11-21,56,30,14,1977-01-20,302
Carter,1977-11-04,1977-11-07,55,30,15,1977-01-20,288
Carter,1977-10-28,1977-10-31,51,31,18,1977-01-20,281
Carter,1977-10-21,1977-10-24,54,30,16,1977-01-20,274
Carter,1977-10-14,1977-10-17,55,29,16,1977-01-20,267
Carter,1977-09-30,1977-10-03,59,24,17,1977-01-20,253
Carter,1977-09-09,1977-09-12,54,29,17,1977-01-20,232
Carter,1977-08-19,1977-08-22,66,16,18,1977-01-20,211
Carter,1977-08-05,1977-08-08,60,23,17,1977-01-20,197
Carter,1977-07-22,1977-07-25,67,17,16,1977-01-20,183
Carter,1977-07-08,1977-07-11,62,22,16,1977-01-20,169
Carter,1977-06-17,1977-06-20,63,18,19,1977-01-20,148
Carter,1977-06-03,1977-06-06,63,19,18,1977-01-20,134
Carter,1977-05-20,1977-05-23,64,19,17,1977-01-20,120
Carter,1977-05-06,1977-05-09,66,19,15,1977-01-20,106
Carter,1977-04-29,1977-05-02,63,18,19,1977-01-20,99
Carter,1977-04-15,1977-04-18,63,18,19,1977-01-20,85
Carter,1977-04-01,1977-04-04,67,14,19,1977-01-20,71
Carter,1977-03-25,1977-03-28,72,10,18,1977-01-20,64
Carter,1977-03-18,1977-03-21,75,9,16,1977-01-20,57
Carter,1977-03-04,1977-03-07,70,9,21,1977-01-20,43
Carter,1977-02-18,1977-02-21,71,9,20,1977-01-20,29
Carter,1977-02-04,1977-02-07,66,8,26,1977-01-20,15
Ford,1976-12-10,1976-12-13,53,32,15,1974-08-09,854
Ford,1976-06-11,1976-06-14,45,40,15,1974-08-09,672
Ford,1976-05-20,1976-05-23,47,38,15,1974-08-09,650
Ford,1976-04-09,1976-04-12,48,41,11,1974-08-09,609
Ford,1976-03-19,1976-03-22,50,36,14,1974-08-09,588
Ford,1976-02-27,1976-03-01,48,38,14,1974-08-09,567
Ford,1976-01-30,1976-02-02,46,40,14,1974-08-09,539
Ford,1976-01-23,1976-01-26,45,45,10,1974-08-09,532
Ford,1976-01-02,1976-01-05,46,42,12,1974-08-09,511
Ford,1975-12-12,1975-12-15,39,46,15,1974-08-09,490
Ford,1975-12-05,1975-12-08,46,37,17,1974-08-09,483
Ford,1975-11-21,1975-11-24,41,46,13,1974-08-09,469
Ford,1975-10-31,1975-11-03,44,44,12,1974-08-09,448
Ford,1975-10-17,1975-10-20,47,40,13,1974-08-09,434
Ford,1975-10-03,1975-10-06,47,37,16,1974-08-09,420
Ford,1975-09-12,1975-09-15,45,38,17,1974-08-09,399
Ford,1975-08-15,1975-08-18,46,37,17,1974-08-09,371
Ford,1975-08-01,1975-08-04,45,37,18,1974-08-09,357
Ford,1975-06-27,1975-06-30,52,33,15,1974-08-09,322
Ford,1975-05-30,1975-06-02,51,33,16,1974-08-09,294
Ford,1975-05-02,1975-05-05,40,43,17,1974-08-09,266
Ford,1975-04-18,1975-04-21,39,46,15,1974-08-09,252
Ford,1975-04-04,1975-04-07,44,37,19,1974-08-09,238
Ford,1975-03-28,1975-03-31,37,43,20,1974-08-09,231
Ford,1975-03-07,1975-03-10,38,45,17,1974-08-09,210
Ford,1975-02-28,1975-03-02,39,45,16,1974-08-09,203
Ford,1975-01-28,1975-02-03,39,43,18,1974-08-09,172
Ford,1975-01-10,1975-01-13,37,39,24,1974-08-09,154
Ford,1974-12-06,1974-12-09,42,41,17,1974-08-09,119
Ford,1974-11-15,1974-11-18,48,32,20,1974-08-09,98
Ford,1974-11-08,1974-11-11,47,33,20,1974-08-09,91
Ford,1974-10-18,1974-10-21,54,28,18,1974-08-09,70
Ford,1974-10-11,1974-10-14,52,29,19,1974-08-09,63
Ford,1974-09-27,1974-09-30,50,28,22,1974-08-09,49
Ford,1974-09-06,1974-09-09,66,13,21,1974-08-09,28
Ford,1974-08-16,1974-08-19,71,3,26,1974-08-09,7
Nixon,1974-08-02,1974-08-05,24,66,10,1969-01-20,2020
Nixon,1974-07-12,1974-07-15,24,63,13,1969-01-20,1999
Nixon,1974-06-28,1974-07-01,28,58,14,1969-01-20,1985
Nixon,1974-06-21,1974-06-24,26,61,13,1969-01-20,1978
Nixon,1974-05-31,1974-06-03,28,61,11,1969-01-20,1957
Nixon,1974-05-17,1974-05-20,26,61,13,1969-01-20,1943
Nixon,1974-05-10,1974-05-13,25,61,14,1969-01-20,1936
Nixon,1974-05-03,1974-05-06,25,58,17,1969-01-20,1929
Nixon,1974-04-19,1974-04-22,26,60,14,1969-01-20,1915
Nixon,1974-04-12,1974-04-15,25,62,13,1969-01-20,1908
Nixon,1974-03-29,1974-04-01,26,65,9,1969-01-20,1894
Nixon,1974-03-08,1974-03-11,26,62,12,1969-01-20,1873
Nixon,1974-02-22,1974-02-25,25,64,11,1969-01-20,1859
Nixon,1974-02-08,1974-02-11,27,63,10,1969-01-20,1845
Nixon,1974-02-01,1974-02-04,28,59,13,1969-01-20,1838
Nixon,1974-01-18,1974-01-21,26,64,10,1969-01-20,1824
Nixon,1974-01-04,1974-01-07,27,63,10,1969-01-20,1810
Nixon,1973-12-07,1973-12-10,29,60,11,1969-01-20,1782
Nixon,1973-11-30,1973-12-03,31,59,10,1969-01-20,1775
Nixon,1973-11-02,1973-11-05,27,63,10,1969-01-20,1747
Nixon,1973-10-19,1973-10-22,27,60,13,1969-01-20,1733
Nixon,1973-10-05,1973-10-08,30,57,13,1969-01-20,1719
Nixon,1973-09-21,1973-09-24,33,59,8,1969-01-20,1705
Nixon,1973-09-07,1973-09-10,34,56,10,1969-01-20,1691
Nixon,1973-08-17,1973-08-20,36,54,10,1969-01-20,1670
Nixon,1973-08-03,1973-08-06,31,58,11,1969-01-20,1656
Nixon,1973-07-06,1973-07-09,39,49,12,1969-01-20,1628
Nixon,1973-06-22,1973-06-25,44,45,11,1969-01-20,1614
Nixon,1973-06-01,1973-06-04,44,44,12,1969-01-20,1593
Nixon,1973-05-11,1973-05-14,44,45,11,1969-01-20,1572
Nixon,1973-05-04,1973-05-07,45,42,13,1969-01-20,1565
Nixon,1973-04-27,1973-04-29,48,40,12,1969-01-20,1558
Nixon,1973-04-06,1973-04-09,54,36,10,1969-01-20,1537
Nixon,1973-03-30,1973-04-02,57,34,9,1969-01-20,1530
Nixon,1973-02-16,1973-02-19,65,25,10,1969-01-20,1488
Nixon,1973-01-26,1973-01-29,67,25,8,1969-01-20,1467
Nixon,1973-01-12,1973-01-15,51,37,12,1969-01-20,1453
Nixon,1972-12-08,1972-12-11,59,30,11,1969-01-20,1418
Nixon,1972-11-11,1972-11-14,62,28,10,1969-01-20,1391
Nixon,1972-06-23,1972-06-26,56,33,11,1969-01-20,1250
Nixon,1972-06-16,1972-06-19,59,30,11,1969-01-20,1243
Nixon,1972-05-26,1972-05-29,62,30,8,1969-01-20,1222
Nixon,1972-04-28,1972-05-01,54,37,9,1969-01-20,1194
Nixon,1972-03-24,1972-03-27,53,36,11,1969-01-20,1159
Nixon,1972-03-03,1972-03-05,56,32,12,1969-01-20,1138
Nixon,1972-02-04,1972-02-07,52,37,11,1969-01-20,1110
Nixon,1972-01-07,1972-01-10,49,39,12,1969-01-20,1082
Nixon,1971-12-10,1971-12-13,50,37,13,1969-01-20,1054
Nixon,1971-10-29,1971-11-02,49,37,14,1969-01-20,1012
Nixon,1971-10-08,1971-10-11,52,38,10,1969-01-20,991
Nixon,1971-08-27,1971-08-30,49,38,13,1969-01-20,949
Nixon,1971-07-15,1971-07-18,50,37,13,1969-01-20,906
Nixon,1971-06-25,1971-06-28,48,39,13,1969-01-20,886
Nixon,1971-06-04,1971-06-07,48,37,15,1969-01-20,865
Nixon,1971-05-14,1971-05-17,50,35,15,1969-01-20,844
Nixon,1971-04-23,1971-04-26,50,38,12,1969-01-20,823
Nixon,1971-04-02,1971-04-05,49,38,13,1969-01-20,802
Nixon,1971-03-11,1971-03-14,50,37,13,1969-01-20,780
Nixon,1971-02-19,1971-02-22,49,37,14,1969-01-20,760
Nixon,1971-01-08,1971-01-11,56,33,11,1969-01-20,718
Nixon,1970-12-03,1970-12-08,52,34,14,1969-01-20,682
Nixon,1970-11-12,1970-11-17,57,30,13,1969-01-20,661
Nixon,1970-10-09,1970-10-14,58,27,15,1969-01-20,627
Nixon,1970-09-25,1970-09-28,51,31,18,1969-01-20,613
Nixon,1970-09-11,1970-09-14,57,30,13,1969-01-20,599
Nixon,1970-08-25,1970-09-01,55,31,14,1969-01-20,582
Nixon,1970-07-31,1970-08-02,55,32,13,1969-01-20,557
Nixon,1970-07-09,1970-07-14,61,28,11,1969-01-20,535
Nixon,1970-06-18,1970-06-23,55,31,14,1969-01-20,514
Nixon,1970-05-21,1970-05-26,59,29,12,1969-01-20,486
Nixon,1970-04-29,1970-05-03,57,32,11,1969-01-20,464
Nixon,1970-04-16,1970-04-21,56,31,13,1969-01-20,451
Nixon,1970-03-18,1970-03-25,54,34,12,1969-01-20,422
Nixon,1970-02-27,1970-03-02,56,27,17,1969-01-20,403
Nixon,1970-01-30,1970-02-02,64,24,12,1969-01-20,375
Nixon,1970-01-15,1970-01-20,63,23,14,1969-01-20,360
Nixon,1970-01-02,1970-01-05,61,22,17,1969-01-20,347
Nixon,1969-12-12,1969-12-15,59,23,18,1969-01-20,326
Nixon,1969-11-12,1969-11-17,67,19,14,1969-01-20,296
Nixon,1969-10-17,1969-10-22,56,29,15,1969-01-20,270
Nixon,1969-10-02,1969-10-07,57,24,19,1969-01-20,255
Nixon,1969-09-17,1969-09-22,58,23,19,1969-01-20,240
Nixon,1969-09-11,1969-09-16,60,24,16,1969-01-20,234
Nixon,1969-08-14,1969-08-19,62,20,18,1969-01-20,206
Nixon,1969-07-24,1969-07-29,65,17,18,1969-01-20,185
Nixon,1969-07-10,1969-07-15,58,22,20,1969-01-20,171
Nixon,1969-06-19,1969-06-24,63,16,21,1969-01-20,150
Nixon,1969-05-22,1969-05-27,62,15,23,1969-01-20,122
Nixon,1969-05-15,1969-05-20,65,12,23,1969-01-20,115
Nixon,1969-05-01,1969-05-06,62,15,23,1969-01-20,101
Nixon,1969-04-10,1969-04-15,61,12,27,1969-01-20,80
Nixon,1969-03-27,1969-04-01,63,10,27,1969-01-20,66
Nixon,1969-03-12,1969-03-17,65,9,26,1969-01-20,51
Nixon,1969-02-20,1969-02-25,60,6,34,1969-01-20,31
Nixon,1969-01-23,1969-01-28,59,5,36,1969-01-20,3
Johnson,1969-01-01,1969-01-06,49,37,14,1963-11-22,1867
Johnson,1968-12-05,1968-12-10,44,43,13,1963-11-22,1840
Johnson,1968-11-09,1968-11-14,43,44,13,1963-11-22,1814
Johnson,1968-09-19,1968-09-24,42,51,7,1963-11-22,1763
Johnson,1968-08-07,1968-08-12,35,52,13,1963-11-22,1720
Johnson,1968-07-18,1968-07-23,40,47,13,1963-11-22,1700
Johnson,1968-06-26,1968-07-01,40,47,13,1963-11-22,1678
Johnson,1968-06-13,1968-06-18,42,45,13,1963-11-22,1665
Johnson,1968-05-23,1968-05-23,41,45,14,1963-11-22,1644
Johnson,1968-05-02,1968-05-07,46,43,11,1963-11-22,1623
Johnson,1968-04-04,1968-04-09,50,38,12,1963-11-22,1595
Johnson,1968-03-10,1968-03-15,36,52,12,1963-11-22,1570
Johnson,1968-02-22,1968-02-27,41,48,11,1963-11-22,1553
Johnson,1968-02-02,1968-02-07,41,47,12,1963-11-22,1533
Johnson,1968-01-04,1968-01-09,48,39,13,1963-11-22,1504
Johnson,1967-12-07,1967-12-12,46,41,13,1963-11-22,1476
Johnson,1967-11-16,1967-11-21,42,46,12,1963-11-22,1455
Johnson,1967-10-27,1967-11-01,41,49,10,1963-11-22,1435
Johnson,1967-10-06,1967-10-11,38,50,12,1963-11-22,1414
Johnson,1967-09-14,1967-09-19,38,48,14,1963-11-22,1392
Johnson,1967-08-24,1967-08-29,39,48,13,1963-11-22,1371
Johnson,1967-08-03,1967-08-08,40,48,12,1963-11-22,1350
Johnson,1967-07-13,1967-07-18,47,39,14,1963-11-22,1329
Johnson,1967-06-22,1967-06-27,51,35,14,1963-11-22,1308
Johnson,1967-06-02,1967-06-07,44,40,16,1963-11-22,1288
Johnson,1967-05-11,1967-05-16,45,39,16,1963-11-22,1266
Johnson,1967-04-19,1967-04-24,48,37,15,1963-11-22,1244
Johnson,1967-03-30,1967-04-04,46,38,16,1963-11-22,1224
Johnson,1967-03-09,1967-03-14,45,41,14,1963-11-22,1203
Johnson,1967-02-16,1967-02-21,45,42,13,1963-11-22,1182
Johnson,1967-01-26,1967-01-31,46,37,17,1963-11-22,1161
Johnson,1967-01-07,1967-01-12,47,37,16,1963-11-22,1142
Johnson,1966-12-08,1966-12-13,44,47,9,1963-11-22,1112
Johnson,1966-11-10,1966-11-15,49,35,16,1963-11-22,1084
Johnson,1966-10-21,1966-10-26,44,41,15,1963-11-22,1064
Johnson,1966-10-01,1966-10-06,44,42,14,1963-11-22,1044
Johnson,1966-09-08,1966-09-13,46,39,15,1963-11-22,1021
Johnson,1966-08-18,1966-08-23,47,39,14,1963-11-22,1000
Johnson,1966-07-29,1966-08-03,51,38,11,1963-11-22,980
Johnson,1966-07-08,1966-07-13,56,30,14,1963-11-22,959
Johnson,1966-06-16,1966-06-21,48,39,13,1963-11-22,937
Johnson,1966-05-19,1966-05-24,50,33,17,1963-11-22,909
Johnson,1966-05-05,1966-05-10,46,34,20,1963-11-22,895
Johnson,1966-04-14,1966-04-19,54,33,13,1963-11-22,874
Johnson,1966-03-24,1966-03-29,57,28,15,1963-11-22,853
Johnson,1966-03-03,1966-03-08,58,28,14,1963-11-22,832
Johnson,1966-02-10,1966-02-15,56,34,10,1963-11-22,811
Johnson,1966-01-21,1966-01-26,61,27,12,1963-11-22,791
Johnson,1965-12-31,1966-01-05,59,24,17,1963-11-22,770
Johnson,1965-12-11,1965-12-16,63,26,11,1963-11-22,750
Johnson,1965-11-18,1965-11-23,62,22,16,1963-11-22,727
Johnson,1965-10-29,1965-11-02,65,22,13,1963-11-22,707
Johnson,1965-10-08,1965-10-13,66,21,13,1963-11-22,686
Johnson,1965-09-16,1965-09-21,63,24,13,1963-11-22,664
Johnson,1965-08-27,1965-09-01,64,25,11,1963-11-22,644
Johnson,1965-08-05,1965-08-10,65,22,13,1963-11-22,622
Johnson,1965-07-16,1965-07-21,65,20,15,1963-11-22,602
Johnson,1965-06-24,1965-06-29,65,21,14,1963-11-22,580
Johnson,1965-06-04,1965-06-09,69,19,12,1963-11-22,560
Johnson,1965-05-13,1965-05-18,70,18,12,1963-11-22,538
Johnson,1965-04-23,1965-04-28,64,22,14,1963-11-22,518
Johnson,1965-04-02,1965-04-07,67,22,11,1963-11-22,497
Johnson,1965-03-18,1965-03-23,69,21,10,1963-11-22,482
Johnson,1965-03-11,1965-03-16,68,18,14,1963-11-22,475
Johnson,1965-02-19,1965-02-24,68,18,14,1963-11-22,455
Johnson,1965-01-28,1965-02-02,70,15,15,1963-11-22,433
Johnson,1965-01-07,1965-01-12,71,15,14,1963-11-22,412
Johnson,1964-12-11,1964-12-16,69,18,13,1963-11-22,385
Johnson,1964-11-20,1964-11-25,70,19,11,1963-11-22,364
Johnson,1964-06-25,1964-06-30,74,15,11,1963-11-22,216
Johnson,1964-06-11,1964-06-16,74,14,12,1963-11-22,202
Johnson,1964-06-04,1964-06-09,74,12,14,1963-11-22,195
Johnson,1964-05-22,1964-05-27,74,13,13,1963-11-22,182
Johnson,1964-05-06,1964-05-11,75,10,15,1963-11-22,166
Johnson,1964-04-24,1964-04-29,75,11,14,1963-11-22,154
Johnson,1964-03-27,1964-04-01,75,12,13,1963-11-22,126
Johnson,1964-03-13,1964-03-18,77,9,14,1963-11-22,112
Johnson,1964-02-28,1964-03-04,79,9,12,1963-11-22,98
Johnson,1964-02-13,1964-02-18,73,9,18,1963-11-22,83
Johnson,1964-01-30,1964-02-05,76,8,16,1963-11-22,69
Johnson,1964-01-02,1964-01-07,77,5,18,1963-11-22,41
Johnson,1963-12-12,1963-12-17,74,4,22,1963-11-22,20
Johnson,1963-12-05,1963-12-10,78,2,20,1963-11-22,13
Kennedy,1963-11-08,1963-11-13,58,30,12,1961-01-20,1022
Kennedy,1963-10-11,1963-10-16,58,29,13,1961-01-20,994
Kennedy,1963-09-12,1963-09-17,56,29,15,1961-01-20,965
Kennedy,1963-08-15,1963-08-20,62,26,12,1961-01-20,937
Kennedy,1963-07-18,1963-07-23,61,27,12,1961-01-20,909
Kennedy,1963-06-21,1963-06-26,61,26,13,1961-01-20,882
Kennedy,1963-05-23,1963-05-28,64,24,12,1961-01-20,853
Kennedy,1963-05-08,1963-05-13,65,23,12,1961-01-20,838
Kennedy,1963-05-02,1963-05-07,64,25,11,1961-01-20,832
Kennedy,1963-04-04,1963-04-09,66,21,13,1961-01-20,804
Kennedy,1963-03-08,1963-03-12,67,20,13,1961-01-20,777
Kennedy,1963-02-07,1963-02-12,70,18,12,1961-01-20,748
Kennedy,1963-01-11,1963-01-16,74,14,12,1961-01-20,721
Kennedy,1962-12-13,1962-12-18,76,13,11,1961-01-20,692
Kennedy,1962-11-16,1962-11-21,74,14,12,1961-01-20,665
Kennedy,1962-10-19,1962-10-24,61,25,14,1961-01-20,637
Kennedy,1962-09-20,1962-09-25,63,22,15,1961-01-20,608
Kennedy,1962-08-23,1962-08-28,67,20,13,1961-01-20,580
Kennedy,1962-07-26,1962-07-31,66,23,11,1961-01-20,552
Kennedy,1962-06-28,1962-07-03,69,19,12,1961-01-20,524
Kennedy,1962-05-31,1962-06-05,71,19,10,1961-01-20,496
Kennedy,1962-05-03,1962-05-08,74,16,10,1961-01-20,468
Kennedy,1962-04-06,1962-04-11,77,13,10,1961-01-20,441
Kennedy,1962-03-08,1962-03-13,79,12,9,1961-01-20,412
Kennedy,1962-02-08,1962-02-13,78,11,11,1961-01-20,384
Kennedy,1962-01-11,1962-01-16,79,10,11,1961-01-20,356
Kennedy,1961-12-07,1961-12-12,77,11,12,1961-01-20,321
Kennedy,1961-11-17,1961-11-22,79,9,12,1961-01-20,301
Kennedy,1961-10-19,1961-10-24,77,12,11,1961-01-20,272
Kennedy,1961-09-21,1961-09-26,79,10,11,1961-01-20,244
Kennedy,1961-08-24,1961-08-29,76,12,12,1961-01-20,216
Kennedy,1961-07-27,1961-08-02,75,12,13,1961-01-20,188
Kennedy,1961-06-23,1961-06-28,72,14,14,1961-01-20,154
Kennedy,1961-05-28,1961-06-02,74,11,15,1961-01-20,128
Kennedy,1961-05-17,1961-05-22,75,10,15,1961-01-20,117
Kennedy,1961-05-04,1961-05-09,77,9,14,1961-01-20,104
Kennedy,1961-04-28,1961-05-03,82,5,13,1961-01-20,98
Kennedy,1961-04-06,1961-04-11,78,6,16,1961-01-20,76
Kennedy,1961-03-10,1961-03-15,73,7,20,1961-01-20,49
Kennedy,1961-02-10,1961-02-15,72,6,22,1961-01-20,21
Eisenhower,1960-12-08,1960-12-13,59,28,13,1953-01-20,2879
Eisenhower,1960-11-17,1960-11-22,59,26,15,1953-01-20,2858
Eisenhower,1960-10-18,1960-10-23,58,31,11,1953-01-20,2828
Eisenhower,1960-09-28,1960-10-02,65,26,9,1953-01-20,2808
Eisenhower,1960-09-09,1960-09-14,58,28,14,1953-01-20,2789
Eisenhower,1960-08-25,1960-08-30,61,28,11,1953-01-20,2774
Eisenhower,1960-08-11,1960-08-16,63,24,13,1953-01-20,2760
Eisenhower,1960-07-30,1960-08-04,63,26,11,1953-01-20,2748
Eisenhower,1960-07-16,1960-07-21,49,33,18,1953-01-20,2734
Eisenhower,1960-06-30,1960-07-05,57,27,16,1953-01-20,2718
Eisenhower,1960-06-16,1960-06-21,61,24,15,1953-01-20,2704
Eisenhower,1960-05-26,1960-05-31,65,22,13,1953-01-20,2683
Eisenhower,1960-04-28,1960-05-03,62,22,16,1953-01-20,2655
Eisenhower,1960-03-30,1960-04-04,65,22,13,1953-01-20,2626
Eisenhower,1960-03-02,1960-03-07,64,22,14,1953-01-20,2598
Eisenhower,1960-02-04,1960-02-09,64,22,14,1953-01-20,2571
Eisenhower,1960-01-06,1960-01-11,66,19,15,1953-01-20,2542
Eisenhower,1959-12-10,1959-12-15,77,15,8,1953-01-20,2515
Eisenhower,1959-12-03,1959-12-08,67,18,15,1953-01-20,2508
Eisenhower,1959-11-12,1959-11-17,65,21,14,1953-01-20,2487
Eisenhower,1959-10-16,1959-10-21,67,19,14,1953-01-20,2460
Eisenhower,1959-09-18,1959-09-23,66,20,14,1953-01-20,2432
Eisenhower,1959-08-20,1959-08-25,67,20,13,1953-01-20,2403
Eisenhower,1959-07-23,1959-07-28,61,26,13,1953-01-20,2375
Eisenhower,1959-06-25,1959-06-30,62,23,15,1953-01-20,2347
Eisenhower,1959-05-29,1959-06-03,64,21,15,1953-01-20,2320
Eisenhower,1959-04-29,1959-05-04,60,24,16,1953-01-20,2290
Eisenhower,1959-04-02,1959-04-07,62,23,15,1953-01-20,2263
Eisenhower,1959-03-04,1959-03-09,58,26,16,1953-01-20,2234
Eisenhower,1959-02-04,1959-02-09,59,26,15,1953-01-20,2206
Eisenhower,1959-01-07,1959-01-12,57,27,16,1953-01-20,2178
Eisenhower,1958-12-03,1958-12-08,57,32,11,1953-01-20,2143
Eisenhower,1958-11-07,1958-11-12,52,30,18,1953-01-20,2117
Eisenhower,1958-10-15,1958-10-20,57,27,16,1953-01-20,2094
Eisenhower,1958-09-24,1958-09-29,54,28,18,1953-01-20,2073
Eisenhower,1958-09-10,1958-09-15,57,29,14,1953-01-20,2059
Eisenhower,1958-08-20,1958-08-25,56,27,17,1953-01-20,2038
Eisenhower,1958-07-30,1958-08-04,58,27,15,1953-01-20,2017
Eisenhower,1958-07-10,1958-07-15,52,32,16,1953-01-20,1997
Eisenhower,1958-05-28,1958-06-02,54,31,15,1953-01-20,1954
Eisenhower,1958-05-07,1958-05-12,53,32,15,1953-01-20,1933
Eisenhower,1958-04-16,1958-04-21,54,31,15,1953-01-20,1912
Eisenhower,1958-03-27,1958-04-01,48,36,16,1953-01-20,1892
Eisenhower,1958-03-06,1958-03-11,51,33,16,1953-01-20,1871
Eisenhower,1958-02-14,1958-02-19,54,33,13,1953-01-20,1851
Eisenhower,1958-01-24,1958-01-29,58,27,15,1953-01-20,1830
Eisenhower,1958-01-02,1958-01-07,60,30,10,1953-01-20,1808
Eisenhower,1957-11-07,1957-11-12,58,27,15,1953-01-20,1752
Eisenhower,1957-10-10,1957-10-15,57,27,16,1953-01-20,1724
Eisenhower,1957-09-19,1957-09-24,59,26,15,1953-01-20,1703
Eisenhower,1957-08-29,1957-09-04,59,23,18,1953-01-20,1682
Eisenhower,1957-08-08,1957-08-13,63,20,17,1953-01-20,1661
Eisenhower,1957-07-18,1957-07-23,65,22,13,1953-01-20,1640
Eisenhower,1957-06-27,1957-07-02,63,23,14,1953-01-20,1619
Eisenhower,1957-06-06,1957-06-11,64,22,14,1953-01-20,1598
Eisenhower,1957-05-17,1957-05-22,62,23,15,1953-01-20,1578
Eisenhower,1957-04-25,1957-04-30,64,23,13,1953-01-20,1556
Eisenhower,1957-04-06,1957-04-11,67,21,12,1953-01-20,1537
Eisenhower,1957-03-15,1957-03-20,65,20,15,1953-01-20,1515
Eisenhower,1957-02-28,1957-03-05,72,17,11,1953-01-20,1500
Eisenhower,1957-02-07,1957-02-12,72,16,12,1953-01-20,1479
Eisenhower,1957-01-17,1957-01-22,73,14,13,1953-01-20,1458
Eisenhower,1956-12-14,1956-12-19,79,11,10,1953-01-20,1424
Eisenhower,1956-11-22,1956-11-27,75,15,10,1953-01-20,1402
Eisenhower,1956-08-03,1956-08-08,68,19,13,1953-01-20,1291
Eisenhower,1956-07-12,1956-07-17,70,20,10,1953-01-20,1269
Eisenhower,1956-06-15,1956-06-20,73,18,9,1953-01-20,1242
Eisenhower,1956-05-31,1956-06-05,71,19,10,1953-01-20,1227
Eisenhower,1956-05-10,1956-05-15,69,17,14,1953-01-20,1206
Eisenhower,1956-04-19,1956-04-24,69,19,12,1953-01-20,1185
Eisenhower,1956-03-29,1956-04-03,73,17,10,1953-01-20,1164
Eisenhower,1956-03-08,1956-03-13,72,18,10,1953-01-20,1143
Eisenhower,1956-02-16,1956-02-21,75,15,10,1953-01-20,1122
Eisenhower,1956-01-26,1956-01-31,77,14,9,1953-01-20,1101
Eisenhower,1956-01-06,1956-01-11,76,12,12,1953-01-20,1081
Eisenhower,1955-12-08,1955-12-13,75,13,12,1953-01-20,1052
Eisenhower,1955-11-17,1955-11-22,78,13,9,1953-01-20,1031
Eisenhower,1955-09-15,1955-09-20,71,16,13,1953-01-20,968
Eisenhower,1955-08-25,1955-08-30,71,16,13,1953-01-20,947
Eisenhower,1955-08-04,1955-08-09,76,11,13,1953-01-20,926
Eisenhower,1955-07-14,1955-07-19,72,18,10,1953-01-20,905
Eisenhower,1955-06-24,1955-06-29,67,15,18,1953-01-20,885
Eisenhower,1955-06-03,1955-06-08,70,16,14,1953-01-20,864
Eisenhower,1955-05-12,1955-05-17,68,16,16,1953-01-20,842
Eisenhower,1955-04-14,1955-04-19,70,14,16,1953-01-20,814
Eisenhower,1955-03-24,1955-03-29,66,21,13,1953-01-20,793
Eisenhower,1955-03-03,1955-03-08,71,17,12,1953-01-20,772
Eisenhower,1955-02-10,1955-02-15,73,15,12,1953-01-20,751
Eisenhower,1955-01-20,1955-01-25,70,17,13,1953-01-20,730
Eisenhower,1954-12-31,1955-01-05,70,18,12,1953-01-20,710
Eisenhower,1954-12-02,1954-12-07,69,23,8,1953-01-20,681
Eisenhower,1954-11-11,1954-11-16,57,23,20,1953-01-20,660
Eisenhower,1954-10-15,1954-10-20,61,26,13,1953-01-20,633
Eisenhower,1954-09-16,1954-09-21,66,21,13,1953-01-20,604
Eisenhower,1954-08-26,1954-08-31,63,24,13,1953-01-20,583
Eisenhower,1954-08-05,1954-08-10,67,19,14,1953-01-20,562
Eisenhower,1954-07-16,1954-07-21,75,20,5,1953-01-20,542
Eisenhower,1954-07-02,1954-07-07,65,21,14,1953-01-20,528
Eisenhower,1954-06-12,1954-06-17,62,24,14,1953-01-20,508
Eisenhower,1954-05-21,1954-05-26,61,24,15,1953-01-20,486
Eisenhower,1954-05-02,1954-05-07,60,22,18,1953-01-20,467
Eisenhower,1954-04-08,1954-04-13,68,21,11,1953-01-20,443
Eisenhower,1954-03-19,1954-03-24,66,22,12,1953-01-20,423
Eisenhower,1954-02-25,1954-03-02,67,21,12,1953-01-20,401
Eisenhower,1954-01-28,1954-02-02,70,17,13,1953-01-20,373
Eisenhower,1954-01-09,1954-01-14,71,19,10,1953-01-20,354
Eisenhower,1953-12-11,1953-12-16,69,22,9,1953-01-20,325
Eisenhower,1953-11-19,1953-11-24,59,25,16,1953-01-20,303
Eisenhower,1953-11-01,1953-11-05,61,26,13,1953-01-20,285
Eisenhower,1953-10-09,1953-10-14,65,19,16,1953-01-20,262
Eisenhower,1953-09-12,1953-09-17,61,20,19,1953-01-20,235
Eisenhower,1953-08-15,1953-08-20,74,14,12,1953-01-20,207
Eisenhower,1953-07-25,1953-07-30,73,13,14,1953-01-20,186
Eisenhower,1953-07-04,1953-07-09,69,15,16,1953-01-20,165
Eisenhower,1953-05-09,1953-05-14,74,10,16,1953-01-20,109
Eisenhower,1953-04-19,1953-04-24,73,10,17,1953-01-20,89
Eisenhower,1953-03-28,1953-04-02,74,8,18,1953-01-20,67
Eisenhower,1953-02-22,1953-02-27,67,8,25,1953-01-20,33
Eisenhower,1953-02-01,1953-02-05,68,7,25,1953-01-20,12
Truman,1952-12-11,1952-12-16,32,56,12,1945-04-12,2800
Truman,1952-10-09,1952-10-14,32,55,13,1945-04-12,2737
Truman,1952-10-05,1952-10-10,31,57,12,1945-04-12,2733
Truman,1952-10-03,1952-10-08,33,55,12,1945-04-12,2731
Truman,1952-07-13,1952-07-18,29,59,12,1945-04-12,2649
Truman,1952-06-15,1952-06-20,32,58,10,1945-04-12,2621
Truman,1952-05-30,1952-06-04,31,59,10,1945-04-12,2605
Truman,1952-05-11,1952-05-16,27,60,13,1945-04-12,2586
Truman,1952-04-13,1952-04-18,28,59,13,1945-04-12,2558
Truman,1952-02-09,1952-02-14,22,64,14,1945-04-12,2494
Truman,1952-01-20,1952-01-25,25,62,13,1945-04-12,2474
Truman,1952-01-06,1952-01-11,23,67,10,1945-04-12,2460
Truman,1951-11-11,1951-11-16,23,61,16,1945-04-12,2404
Truman,1951-10-14,1951-10-19,29,55,16,1945-04-12,2376
Truman,1951-09-21,1951-09-26,32,54,14,1945-04-12,2353
Truman,1951-08-03,1951-08-08,31,57,12,1945-04-12,2304
Truman,1951-07-08,1951-07-13,29,54,17,1945-04-12,2278
Truman,1951-06-16,1951-06-21,25,59,16,1945-04-12,2256
Truman,1951-05-19,1951-05-24,24,63,13,1945-04-12,2228
Truman,1951-04-16,1951-04-21,24,54,22,1945-04-12,2195
Truman,1951-03-26,1951-03-31,28,57,15,1945-04-12,2174
Truman,1951-03-04,1951-03-09,27,59,14,1945-04-12,2152
Truman,1951-02-04,1951-02-09,26,60,14,1945-04-12,2124
Truman,1951-01-01,1951-01-05,36,49,15,1945-04-12,2090
Truman,1950-12-03,1950-12-08,33,53,14,1945-04-12,2061
Truman,1950-10-22,1950-10-27,39,46,15,1945-04-12,2019
Truman,1950-10-20,1950-10-25,41,46,13,1945-04-12,2017
Truman,1950-10-08,1950-10-13,43,36,21,1945-04-12,2005
Truman,1950-10-01,1950-10-06,35,50,15,1945-04-12,1998
Truman,1950-09-17,1950-09-22,35,47,18,1945-04-12,1984
Truman,1950-08-20,1950-08-25,43,32,25,1945-04-12,1956
Truman,1950-07-30,1950-08-04,39,45,16,1945-04-12,1935
Truman,1950-07-09,1950-07-14,46,40,14,1945-04-12,1914
Truman,1950-06-04,1950-06-09,37,47,16,1945-04-12,1879
Truman,1950-05-04,1950-05-09,41,38,21,1945-04-12,1848
Truman,1950-02-26,1950-03-03,37,44,19,1945-04-12,1781
Truman,1950-01-08,1950-01-13,45,40,15,1945-04-12,1732
Truman,1949-09-28,1949-10-02,50,35,15,1945-04-12,1630
Truman,1949-09-25,1949-09-30,51,31,18,1945-04-12,1627
Truman,1949-09-03,1949-09-08,45,38,17,1945-04-12,1605
Truman,1949-06-11,1949-06-17,57,27,16,1945-04-12,1521
Truman,1949-05-02,1949-05-08,51,32,17,1945-04-12,1481
Truman,1949-03-06,1949-03-11,57,24,19,1945-04-12,1424
Truman,1949-01-07,1949-01-12,69,17,14,1945-04-12,1366
Truman,1948-06-18,1948-06-24,40,44,16,1945-04-12,1163
Truman,1948-05-28,1948-06-02,39,47,14,1945-04-12,1142
Truman,1948-04-09,1948-04-14,36,50,14,1945-04-12,1093
Truman,1948-01-02,1948-01-07,53,32,15,1945-04-12,995
Truman,1947-11-28,1947-12-02,54,33,13,1945-04-12,960
Truman,1947-09-12,1947-09-17,55,29,16,1945-04-12,883
Truman,1947-07-04,1947-07-09,61,28,11,1945-04-12,813
Truman,1947-06-20,1947-06-25,55,31,14,1945-04-12,799
Truman,1947-05-23,1947-05-28,65,24,11,1945-04-12,771
Truman,1947-04-25,1947-04-30,57,25,18,1945-04-12,743
Truman,1947-03-28,1947-04-02,63,21,16,1945-04-12,715
Truman,1947-03-14,1947-03-19,60,23,17,1945-04-12,701
Truman,1947-01-17,1947-01-22,48,39,13,1945-04-12,645
Truman,1946-12-13,1946-12-18,35,47,18,1945-04-12,610
Truman,1946-11-15,1946-11-21,34,53,13,1945-04-12,582
Truman,1946-09-13,1946-09-18,33,52,15,1945-04-12,519
Truman,1946-06-14,1946-06-19,43,45,12,1945-04-12,428
Truman,1946-06-01,1946-06-06,45,42,13,1945-04-12,415
Truman,1946-03-29,1946-04-03,51,33,16,1945-04-12,351
Truman,1946-02-28,1946-03-05,49,38,13,1945-04-12,322
Truman,1946-01-05,1946-01-10,63,22,15,1945-04-12,268
Truman,1945-11-02,1945-11-07,75,14,11,1945-04-12,204
Truman,1945-10-05,1945-10-10,82,9,9,1945-04-12,176
Truman,1945-06-01,1945-06-05,87,3,10,1945-04-12,50
Roosevelt,1943-12-15,1943-12-15,65,23,10,1933-03-04,3938
Roosevelt,1943-03-24,1943-03-24,71,19,8,1933-03-04,3672
Roosevelt,1943-01-27,1943-01-27,75,16,7,1933-03-04,3616
Roosevelt,1943-01-07,1943-01-07,75,14,9,1933-03-04,3596
Roosevelt,1942-11-17,1942-11-17,72,18,8,1933-03-04,3545
Roosevelt,1942-09-03,1942-09-03,74,18,6,1933-03-04,3470
Roosevelt,1942-08-13,1942-08-13,74,16,8,1933-03-04,3449
Roosevelt,1942-07-01,1942-07-01,79,12,8,1933-03-04,3406
Roosevelt,1942-06-09,1942-06-09,77,15,6,1933-03-04,3384
Roosevelt,1942-03-12,1942-03-17,75,14,9,1933-03-04,3295
Roosevelt,1942-03-12,1942-03-17,74,15,9,1933-03-04,3295
Roosevelt,1942-02-23,1942-02-28,78,13,7,1933-03-04,3278
Roosevelt,1942-01-23,1942-01-23,83,10,5,1933-03-04,3247
Roosevelt,1941-09-17,1941-09-17,70,24,5,1933-03-04,3119
Roosevelt,1941-09-09,1941-09-09,70,23,6,1933-03-04,3111
Roosevelt,1941-08-26,1941-08-26,67,24,7,1933-03-04,3097
Roosevelt,1941-08-19,1941-08-19,65,26,7,1933-03-04,3090
Roosevelt,1941-08-05,1941-08-05,68,23,7,1933-03-04,3076
Roosevelt,1941-07-29,1941-07-29,65,25,8,1933-03-04,3069
Roosevelt,1941-07-22,1941-07-22,69,24,6,1933-03-04,3062